#
# There is insufficient memory for the Java Runtime Environment to continue.
# Native memory allocation (malloc) failed to allocate 1378416 bytes. Error detail: Chunk::new
# Possible reasons:
#   The system is out of physical RAM or swap space
#   This process is running with CompressedOops enabled, and the Java Heap may be blocking the growth of the native heap
# Possible solutions:
#   Reduce memory load on the system
#   Increase physical memory or swap space
#   Check if swap backing store is full
#   Decrease Java heap size (-Xmx/-Xms)
#   Decrease number of Java threads
#   Decrease Java thread stack sizes (-Xss)
#   Set larger code cache with -XX:ReservedCodeCacheSize=
#   JVM is running with Unscaled Compressed Oops mode in which the Java heap is
#     placed in the first 4GB address space. The Java Heap base address is the
#     maximum limit for the native heap growth. Please use -XX:HeapBaseMinAddress
#     to set the Java Heap base and to place the Java Heap above 4GB virtual address.
# This output file may be truncated or incomplete.
#
#  Out of Memory Error (arena.cpp:168), pid=15232, tid=3120
#
# JRE version: OpenJDK Runtime Environment Temurin-21.0.6+7 (21.0.6+7) (build 21.0.6+7-LTS)
# Java VM: OpenJDK 64-Bit Server VM Temurin-21.0.6+7 (21.0.6+7-LTS, mixed mode, sharing, tiered, compressed oops, compressed class ptrs, parallel gc, windows-amd64)
# No core dump will be written. Minidumps are not enabled by default on client versions of Windows
#

---------------  S U M M A R Y ------------

Command Line: --add-modules=ALL-SYSTEM --add-opens=java.base/java.util=ALL-UNNAMED --add-opens=java.base/java.lang=ALL-UNNAMED --add-opens=java.base/sun.nio.fs=ALL-UNNAMED -Declipse.application=org.eclipse.jdt.ls.core.id1 -Dosgi.bundles.defaultStartLevel=4 -Declipse.product=org.eclipse.jdt.ls.core.product -Djava.import.generatesMetadataFilesAtProjectRoot=false -DDetectVMInstallationsJob.disabled=true -Dfile.encoding=utf8 -XX:+UseParallelGC -XX:GCTimeRatio=4 -XX:AdaptiveSizePolicyWeight=90 -Dsun.zip.disableMemoryMapping=true -Xmx2G -Xms100m -Xlog:disable -javaagent:c:\Users\SBS\.vscode\extensions\redhat.java-1.56.2026081508\lombok\lombok-1.18.39-4050.jar -XX:+HeapDumpOnOutOfMemoryError -XX:HeapDumpPath=c:\Users\SBS\AppData\Roaming\Code\User\workspaceStorage\9b87e43105afb146c896a3d372cc1e69\redhat.java -Daether.dependencyCollector.impl=bf -XX:+UnlockDiagnosticVMOptions -XX:+AllowArchivingWithJavaAgent -XX:+AutoCreateSharedArchive -XX:SharedArchiveFile=c:\Users\SBS\AppData\Roaming\Code\User\globalStorage\redhat.java\1.56.2026081508\jdtls.jsa c:\Users\SBS\.vscode\extensions\redhat.java-1.56.2026081508\server\plugins\org.eclipse.equinox.launcher_1.8.0.v20260804-1928.jar -configuration c:\Users\SBS\AppData\Roaming\Code\User\globalStorage\redhat.java\1.56.2026081508\config_win -data c:\Users\SBS\AppData\Roaming\Code\User\workspaceStorage\9b87e43105afb146c896a3d372cc1e69\redhat.java\jdt_ws --stdio

Host: AMD Ryzen 5 5500H with Radeon Graphics         , 8 cores, 6G,  Windows 11 , 64 bit Build 26100 (10.0.26100.9168)
Time: Sat Aug 15 15:00:53 2026 Afr. centrale Ouest elapsed time: 2452.983541 seconds (0d 0h 40m 52s)

---------------  T H R E A D  ---------------

Current thread (0x0000022b6bca06d0):  JavaThread "C2 CompilerThread0" daemon [_thread_in_native, id=3120, stack(0x000000bef3200000,0x000000bef3300000) (1024K)]


Current CompileTask:
C2:2452983 28665       4       java.util.Date::toString (186 bytes)

Stack: [0x000000bef3200000,0x000000bef3300000]
Native frames: (J=compiled Java code, j=interpreted, Vv=VM code, C=native code)
V  [jvm.dll+0x6cdee9]
V  [jvm.dll+0x8a83d1]
V  [jvm.dll+0x8aa8fe]
V  [jvm.dll+0x8aafe3]
V  [jvm.dll+0x27f706]
V  [jvm.dll+0xc500d]
V  [jvm.dll+0xc5543]
V  [jvm.dll+0x3b6752]
V  [jvm.dll+0x382935]
V  [jvm.dll+0x381d9a]
V  [jvm.dll+0x2479f0]
V  [jvm.dll+0x246fcf]
V  [jvm.dll+0x1c75ee]
V  [jvm.dll+0x25685a]
V  [jvm.dll+0x254dfa]
V  [jvm.dll+0x3f0256]
V  [jvm.dll+0x851f8b]
V  [jvm.dll+0x6cc5ed]
C  [ucrtbase.dll+0x2cd30]
C  [KERNEL32.DLL+0x2ccb7]
C  [ntdll.dll+0xaad6c]


---------------  P R O C E S S  ---------------

Threads class SMR info:
_java_thread_list=0x0000022b6927a380, length=2445, elements={
0x0000022b6bd1fc20, 0x0000022b6bddad10, 0x0000022b6bc95200, 0x0000022b6bc960e0,
0x0000022b6bc9c110, 0x0000022b6bc9cdc0, 0x0000022b6bc9d810, 0x0000022b6bca06d0,
0x0000022b7a49e060, 0x0000022b6bd8f190, 0x0000022b7a691250, 0x0000022b7f7fd6d0,
0x0000022b7f30c370, 0x0000022b7f5c43f0, 0x0000022b7f5c4e20, 0x0000022b553715f0,
0x0000022b7f7327e0, 0x0000022b555ee160, 0x0000022b7a5bd360, 0x0000022b552e1e90,
0x0000022b552e1800, 0x0000022b552e1170, 0x0000022b552e2520, 0x0000022b552e2bb0,
0x0000022b552df730, 0x0000022b552dfdc0, 0x0000022b552e0450, 0x0000022b55081ea0,
0x0000022b55082530, 0x0000022b55083250, 0x0000022b550866d0, 0x0000022b55084600,
0x0000022b55087a80, 0x0000022b7f133c60, 0x0000022b7f132220, 0x0000022b7f135d30,
0x0000022b7f137e00, 0x0000022b55086040, 0x0000022b7f138b20, 0x0000022b7f1370e0,
0x0000022b5848cd40, 0x0000022b5848c020, 0x0000022b5848c6b0, 0x0000022b5848e780,
0x0000022b5848b990, 0x0000022b5848fb30, 0x0000022b5848ee10, 0x0000022b58491570,
0x0000022b5848f4a0, 0x0000022b584901c0, 0x0000022b58490850, 0x0000022b7f132f40,
0x0000022b7f1356a0, 0x0000022b7f136a50, 0x0000022b7f1335d0, 0x0000022b7f135010,
0x0000022b7f1328b0, 0x0000022b7f137770, 0x0000022b7f1342f0, 0x0000022b64f7b220,
0x0000022b64f77da0, 0x0000022b64f7c5d0, 0x0000022b64f7d980, 0x0000022b64f7b8b0,
0x0000022b64f7d2f0, 0x0000022b64f7bf40, 0x0000022b64f7cc60, 0x0000022b64f7ab90,
0x0000022b644499d0, 0x0000022b64449340, 0x0000022b6444a6f0, 0x0000022b64448620,
0x0000022b6444ad80, 0x0000022b64447900, 0x0000022b6444b410, 0x0000022b64448cb0,
0x0000022b6444baa0, 0x0000022b6444c130, 0x0000022b6444d4e0, 0x0000022b6444c7c0,
0x0000022b6444ce50, 0x0000022b6444a060, 0x0000022b6444db70, 0x0000022b6444e200,
0x0000022b6444e890, 0x0000022b6444ef20, 0x0000022b55081810, 0x0000022b578ad440,
0x0000022b578af510, 0x0000022b578ae7f0, 0x0000022b578adad0, 0x0000022b578aee80,
0x0000022b578afba0, 0x0000022b578ac720, 0x0000022b578b0230, 0x0000022b578acdb0,
0x0000022b578b08c0, 0x0000022b578b2990, 0x0000022b578b36b0, 0x0000022b578b15e0,
0x0000022b578ae160, 0x0000022b578b1c70, 0x0000022b578b2300, 0x0000022b578b3020,
0x0000022b578b3d40, 0x0000022b64447f90, 0x0000022b56bca380, 0x0000022b56bc8fd0,
0x0000022b56bc8940, 0x0000022b56bccae0, 0x0000022b56bc9cf0, 0x0000022b56bcb0a0,
0x0000022b56bcb730, 0x0000022b56bcbdc0, 0x0000022b56bcc450, 0x0000022b56bc9660,
0x0000022b56bcd170, 0x0000022b56bcde90, 0x0000022b56bcaa10, 0x0000022b56bce520,
0x0000022b56bcebb0, 0x0000022b56bcff60, 0x0000022b578b0f50, 0x0000022b56bcf240,
0x0000022b56bcf8d0, 0x0000022b6368b210, 0x0000022b63689e60, 0x0000022b6368a4f0,
0x0000022b6368b8a0, 0x0000022b63689140, 0x0000022b6368bf30, 0x0000022b6368cc50,
0x0000022b636897d0, 0x0000022b6368ab80, 0x0000022b63690760, 0x0000022b6368d2e0,
0x0000022b6368ed20, 0x0000022b6368d970, 0x0000022b6368fa40, 0x0000022b636900d0,
0x0000022b6368f3b0, 0x0000022b6368e000, 0x0000022b6368e690, 0x0000022b56bcd800,
0x0000022b64f78ac0, 0x0000022b61effde0, 0x0000022b61efea30, 0x0000022b61f00b00,
0x0000022b61f00470, 0x0000022b61f01820, 0x0000022b61eff0c0, 0x0000022b61f01190,
0x0000022b61f02540, 0x0000022b61f02bd0, 0x0000022b61eff750, 0x0000022b61f066e0,
0x0000022b61f038f0, 0x0000022b61f03f80, 0x0000022b61f03260, 0x0000022b61f06d70,
0x0000022b61f04ca0, 0x0000022b61f01eb0, 0x0000022b61f07400, 0x0000022b61f08120,
0x0000022b61f06050, 0x0000022b61f087b0, 0x0000022b61f07a90, 0x0000022b61f05330,
0x0000022b61f0c2c0, 0x0000022b61f0a1f0, 0x0000022b61f08e40, 0x0000022b61f0c950,
0x0000022b61f059c0, 0x0000022b61f0a880, 0x0000022b61f0b5a0, 0x0000022b61f094d0,
0x0000022b61f0bc30, 0x0000022b61f0cfe0, 0x0000022b61f09b60, 0x0000022b61f0d670,
0x0000022b61f0dd00, 0x0000022b61f0af10, 0x0000022b6368c5c0, 0x0000022b62b0a840,
0x0000022b62b0bbf0, 0x0000022b62b09b20, 0x0000022b62b08e00, 0x0000022b62b0c280,
0x0000022b62b0a1b0, 0x0000022b62b0c910, 0x0000022b62b0b560, 0x0000022b62b09490,
0x0000022b62b0d630, 0x0000022b62b0cfa0, 0x0000022b62b0fd90, 0x0000022b62b0e9e0,
0x0000022b62b0e350, 0x0000022b62b0aed0, 0x0000022b62b11e60, 0x0000022b62b124f0,
0x0000022b62b0f070, 0x0000022b62b11140, 0x0000022b62b10ab0, 0x0000022b62b10420,
0x0000022b62b117d0, 0x0000022b62b12b80, 0x0000022b62b0f700, 0x0000022b62b16000,
0x0000022b62b15970, 0x0000022b62b145c0, 0x0000022b62b138a0, 0x0000022b62b13210,
0x0000022b62b16690, 0x0000022b62b14c50, 0x0000022b62b152e0, 0x0000022b62b16d20,
0x0000022b62b173b0, 0x0000022b62b13f30, 0x0000022b62b17a40, 0x0000022b62b180d0,
0x0000022b7f134980, 0x0000022b7f1391b0, 0x0000022b62b0dcc0, 0x0000022b65645230,
0x0000022b65642ad0, 0x0000022b656458c0, 0x0000022b65645f50, 0x0000022b656437f0,
0x0000022b65643e80, 0x0000022b65642440, 0x0000022b65644510, 0x0000022b65647300,
0x0000022b65648020, 0x0000022b65644ba0, 0x0000022b65649a60, 0x0000022b65647990,
0x0000022b656465e0, 0x0000022b6564ae10, 0x0000022b6564a0f0, 0x0000022b6564a780,
0x0000022b6564b4a0, 0x0000022b656486b0, 0x0000022b656493d0, 0x0000022b65646c70,
0x0000022b6564c850, 0x0000022b6564d570, 0x0000022b6564bb30, 0x0000022b6564cee0,
0x0000022b6564e290, 0x0000022b65648d40, 0x0000022b6564efb0, 0x0000022b6564f640,
0x0000022b6564dc00, 0x0000022b656509f0, 0x0000022b6564e920, 0x0000022b65651710,
0x0000022b65651080, 0x0000022b6564fcd0, 0x0000022b65650360, 0x0000022b61f04610,
0x0000022b5848d3d0, 0x0000022b6552d4d0, 0x0000022b6552b400, 0x0000022b6552db60,
0x0000022b6552e1f0, 0x0000022b6552c7b0, 0x0000022b6552ef10, 0x0000022b6552c120,
0x0000022b6552ce40, 0x0000022b655302c0, 0x0000022b6552f5a0, 0x0000022b65530950,
0x0000022b65531d00, 0x0000022b65530fe0, 0x0000022b6552e880, 0x0000022b65531670,
0x0000022b6552ba90, 0x0000022b65532a20, 0x0000022b655330b0, 0x0000022b6552fc30,
0x0000022b65535180, 0x0000022b65535ea0, 0x0000022b65533740, 0x0000022b65534af0,
0x0000022b65533dd0, 0x0000022b65535810, 0x0000022b655378e0, 0x0000022b65536530,
0x0000022b65536bc0, 0x0000022b65537250, 0x0000022b65534460, 0x0000022b6553a040,
0x0000022b6553a6d0, 0x0000022b65537f70, 0x0000022b655399b0, 0x0000022b65538600,
0x0000022b65539320, 0x0000022b65538c90, 0x0000022b6564c1c0, 0x0000022b62629aa0,
0x0000022b6262bb70, 0x0000022b6262a130, 0x0000022b6262a7c0, 0x0000022b6262b4e0,
0x0000022b6262ae50, 0x0000022b62628d80, 0x0000022b6262c890, 0x0000022b62629410,
0x0000022b6262d5b0, 0x0000022b6262cf20, 0x0000022b626310c0, 0x0000022b6262fd10,
0x0000022b6262dc40, 0x0000022b6262eff0, 0x0000022b6262f680, 0x0000022b6262c200,
0x0000022b62630a30, 0x0000022b6262e2d0, 0x0000022b626303a0, 0x0000022b62632b00,
0x0000022b62632470, 0x0000022b62634540, 0x0000022b62633190, 0x0000022b62633eb0,
0x0000022b62633820, 0x0000022b62634bd0, 0x0000022b62631de0, 0x0000022b62638d70,
0x0000022b626358f0, 0x0000022b62636ca0, 0x0000022b62637330, 0x0000022b626379c0,
0x0000022b62639400, 0x0000022b626386e0, 0x0000022b62638050, 0x0000022b62635f80,
0x0000022b6263cf10, 0x0000022b62639a90, 0x0000022b6263bb60, 0x0000022b6263b4d0,
0x0000022b6263c880, 0x0000022b6263c1f0, 0x0000022b6263a120, 0x0000022b6263dc30,
0x0000022b6263a7b0, 0x0000022b6263e2c0, 0x0000022b6263ae40, 0x0000022b6263efe0,
0x0000022b6263d5a0, 0x0000022b6263f670, 0x0000022b626410b0, 0x0000022b62641740,
0x0000022b62641dd0, 0x0000022b6263fd00, 0x0000022b62640390, 0x0000022b6263e950,
0x0000022b62642af0, 0x0000022b62643810, 0x0000022b62644530, 0x0000022b62645250,
0x0000022b62643ea0, 0x0000022b626458e0, 0x0000022b62644bc0, 0x0000022b62645f70,
0x0000022b62646600, 0x0000022b62643180, 0x0000022b626479b0, 0x0000022b62646c90,
0x0000022b62647320, 0x0000022b62648040, 0x0000022b5848e0f0, 0x0000022b65532390,
0x0000022b581bfe50, 0x0000022b581bf7c0, 0x0000022b581c3ff0, 0x0000022b581c1890,
0x0000022b581c3960, 0x0000022b581c25b0, 0x0000022b581c32d0, 0x0000022b581c1f20,
0x0000022b581c2c40, 0x0000022b581c0b70, 0x0000022b581c1200, 0x0000022b581c6750,
0x0000022b581c4680, 0x0000022b581c7b00, 0x0000022b581c8190, 0x0000022b581c6de0,
0x0000022b581c4d10, 0x0000022b581c04e0, 0x0000022b581c7470, 0x0000022b581c8820,
0x0000022b581c8eb0, 0x0000022b581c5a30, 0x0000022b581c60c0, 0x0000022b581c9bd0,
0x0000022b581ca260, 0x0000022b581ca8f0, 0x0000022b581caf80, 0x0000022b581c53a0,
0x0000022b581cbca0, 0x0000022b581cc330, 0x0000022b581cc9c0, 0x0000022b581c9540,
0x0000022b581d04d0, 0x0000022b581cf120, 0x0000022b581cfe40, 0x0000022b581cdd70,
0x0000022b581cd050, 0x0000022b581ce400, 0x0000022b581cea90, 0x0000022b581cb610,
0x0000022b581d1f10, 0x0000022b581d1880, 0x0000022b581cf7b0, 0x0000022b581d32c0,
0x0000022b581d25a0, 0x0000022b581cd6e0, 0x0000022b581d3fe0, 0x0000022b581d4670,
0x0000022b581d11f0, 0x0000022b581d4d00, 0x0000022b581d5390, 0x0000022b581d60b0,
0x0000022b581d5a20, 0x0000022b581d2c30, 0x0000022b581d8180, 0x0000022b581d7af0,
0x0000022b581d7460, 0x0000022b581d8810, 0x0000022b581d8ea0, 0x0000022b581d3950,
0x0000022b581d9530, 0x0000022b581d6740, 0x0000022b581da8e0, 0x0000022b581db600,
0x0000022b581d9bc0, 0x0000022b581dc320, 0x0000022b581daf70, 0x0000022b581dc9b0,
0x0000022b581dbc90, 0x0000022b581dd040, 0x0000022b581dd6d0, 0x0000022b581da250,
0x0000022b581de3f0, 0x0000022b581dea80, 0x0000022b581ddd60, 0x0000022b62640a20,
0x0000022b6523ec10, 0x0000022b6523e580, 0x0000022b6523def0, 0x0000022b65240650,
0x0000022b6523d1d0, 0x0000022b65240ce0, 0x0000022b6523f2a0, 0x0000022b6523d860,
0x0000022b65241a00, 0x0000022b65223af0, 0x0000022b6523ffc0, 0x0000022b65223460,
0x0000022b65224180, 0x0000022b65224810, 0x0000022b65224ea0, 0x0000022b65225bc0,
0x0000022b65225530, 0x0000022b65226250, 0x0000022b65222dd0, 0x0000022b652296d0,
0x0000022b652268e0, 0x0000022b65228320, 0x0000022b65229040, 0x0000022b6522a3f0,
0x0000022b65226f70, 0x0000022b652289b0, 0x0000022b65227600, 0x0000022b65241370,
0x0000022b6522c4c0, 0x0000022b6522cb50, 0x0000022b6522b110, 0x0000022b6522d1e0,
0x0000022b65229d60, 0x0000022b65222740, 0x0000022b6522aa80, 0x0000022b6522e590,
0x0000022b65227c90, 0x0000022b6522d870, 0x0000022b6522ec20, 0x0000022b6522be30,
0x0000022b6522b7a0, 0x0000022b65232730, 0x0000022b6522f940, 0x0000022b65231380,
0x0000022b6522f2b0, 0x0000022b6522ffd0, 0x0000022b65233450, 0x0000022b65231a10,
0x0000022b65232dc0, 0x0000022b652320a0, 0x0000022b65230660, 0x0000022b65235520,
0x0000022b65235bb0, 0x0000022b65234170, 0x0000022b6522df00, 0x0000022b65230cf0,
0x0000022b652375f0, 0x0000022b652368d0, 0x0000022b65236f60, 0x0000022b65237c80,
0x0000022b65234800, 0x0000022b65238310, 0x0000022b65239d50, 0x0000022b65233ae0,
0x0000022b652389a0, 0x0000022b6523b100, 0x0000022b65239030, 0x0000022b6523a3e0,
0x0000022b652396c0, 0x0000022b65234e90, 0x0000022b6523aa70, 0x0000022b6523c4b0,
0x0000022b64f797e0, 0x0000022b64f79e70, 0x0000022b64f769f0, 0x0000022b64f7a500,
0x0000022b64f77080, 0x0000022b65236240, 0x0000022b6523b790, 0x0000022b6523cb40,
0x0000022b58491c00, 0x0000022b62636610, 0x0000022b58492290, 0x0000022b581d0b60,
0x0000022b581d6dd0, 0x0000022b64f79150, 0x0000022b64f76360, 0x0000022b7f131b90,
0x0000022b6523be20, 0x0000022b64f48aa0, 0x0000022b64f469d0, 0x0000022b64f497c0,
0x0000022b64f46340, 0x0000022b64f49e50, 0x0000022b64f4a4e0, 0x0000022b64f47060,
0x0000022b64f4ab70, 0x0000022b64f476f0, 0x0000022b64f4b890, 0x0000022b64f47d80,
0x0000022b64f4f3a0, 0x0000022b64f4d960, 0x0000022b64f4e680, 0x0000022b64f4ed10,
0x0000022b64f4bf20, 0x0000022b64f4b200, 0x0000022b64f48410, 0x0000022b64f4c5b0,
0x0000022b64f4dff0, 0x0000022b64f500c0, 0x0000022b64f4cc40, 0x0000022b64f50750,
0x0000022b64f4d2d0, 0x0000022b64f53bd0, 0x0000022b64f52eb0, 0x0000022b64f52190,
0x0000022b64f51b00, 0x0000022b64f49130, 0x0000022b64f53540, 0x0000022b64f50de0,
0x0000022b64f54260, 0x0000022b64f548f0, 0x0000022b64f51470, 0x0000022b64f57d70,
0x0000022b64f58400, 0x0000022b64f576e0, 0x0000022b64f4fa30, 0x0000022b64f569c0,
0x0000022b64f57050, 0x0000022b64f54f80, 0x0000022b64f58a90, 0x0000022b64f55610,
0x0000022b64f59120, 0x0000022b64f56330, 0x0000022b64f5cc30, 0x0000022b64f52820,
0x0000022b64f5ab60, 0x0000022b64f5c5a0, 0x0000022b64f5d2c0, 0x0000022b64f59e40,
0x0000022b64f5bf10, 0x0000022b64f5d950, 0x0000022b64f5b880, 0x0000022b64f5dfe0,
0x0000022b64f597b0, 0x0000022b64f5e670, 0x0000022b64f5ed00, 0x0000022b64f5f390,
0x0000022b64f5a4d0, 0x0000022b64f5b1f0, 0x0000022b64f5fa20, 0x0000022b64f60740,
0x0000022b64f64250, 0x0000022b64f60dd0, 0x0000022b64f61460, 0x0000022b64f64f70,
0x0000022b64f65600, 0x0000022b64f62180, 0x0000022b64f62810, 0x0000022b64f62ea0,
0x0000022b64f63530, 0x0000022b64f600b0, 0x0000022b64f61af0, 0x0000022b58490ee0,
0x0000022b64f13720, 0x0000022b64f13090, 0x0000022b64f13db0, 0x0000022b64f12a00,
0x0000022b64f12370, 0x0000022b64f14440, 0x0000022b64f14ad0, 0x0000022b64f15160,
0x0000022b64f17230, 0x0000022b64f157f0, 0x0000022b64f178c0, 0x0000022b64f17f50,
0x0000022b64f19300, 0x0000022b64f185e0, 0x0000022b64f18c70, 0x0000022b64f19990,
0x0000022b64f11ce0, 0x0000022b64f15e80, 0x0000022b64f1a020, 0x0000022b64f16ba0,
0x0000022b64f1c780, 0x0000022b64f1ce10, 0x0000022b64f1a6b0, 0x0000022b64f1d4a0,
0x0000022b64f1ba60, 0x0000022b64f11650, 0x0000022b64f1b3d0, 0x0000022b64f1db30,
0x0000022b64f1c0f0, 0x0000022b64f1e850, 0x0000022b64f20290, 0x0000022b64f1eee0,
0x0000022b64f20fb0, 0x0000022b64f21640, 0x0000022b64f1e1c0, 0x0000022b64f22360,
0x0000022b64f229f0, 0x0000022b64f21cd0, 0x0000022b64f1f570, 0x0000022b64f20920,
0x0000022b64f23080, 0x0000022b64f1fc00, 0x0000022b64f23710, 0x0000022b64f1ad40,
0x0000022b64f23da0, 0x0000022b64f278b0, 0x0000022b64f27f40, 0x0000022b64f26500,
0x0000022b64f25150, 0x0000022b64f24ac0, 0x0000022b64f27220, 0x0000022b64f285d0,
0x0000022b64f28c60, 0x0000022b64f25e70, 0x0000022b64f257e0, 0x0000022b64f24430,
0x0000022b64f292f0, 0x0000022b64f2ad30, 0x0000022b64f2b3c0, 0x0000022b64f29980,
0x0000022b64f2a6a0, 0x0000022b64f2a010, 0x0000022b64f2d490, 0x0000022b64f2e840,
0x0000022b64f2ce00, 0x0000022b64f2e1b0, 0x0000022b64f2eed0, 0x0000022b64f2ba50,
0x0000022b64f2fbf0, 0x0000022b64f2f560, 0x0000022b64f2c0e0, 0x0000022b64f30910,
0x0000022b64f16510, 0x0000022b64f63bc0, 0x0000022b64f55ca0, 0x0000022b64f26b90,
0x0000022b7f138490, 0x0000022b64f2db20, 0x0000022b64f78430, 0x0000022b64f2c770,
0x0000022b654d1720, 0x0000022b654d5230, 0x0000022b654d1db0, 0x0000022b654d2440,
0x0000022b654d5f50, 0x0000022b654d2ad0, 0x0000022b654d4ba0, 0x0000022b654d65e0,
0x0000022b654d3160, 0x0000022b654d1090, 0x0000022b654d58c0, 0x0000022b654d7300,
0x0000022b654d6c70, 0x0000022b654d3e80, 0x0000022b654d9a60, 0x0000022b654d8020,
0x0000022b654da780, 0x0000022b654d4510, 0x0000022b654dae10, 0x0000022b654d7990,
0x0000022b654d8d40, 0x0000022b654da0f0, 0x0000022b654db4a0, 0x0000022b654dbb30,
0x0000022b654dc1c0, 0x0000022b654d93d0, 0x0000022b654d86b0, 0x0000022b654de290,
0x0000022b654de920, 0x0000022b654dfcd0, 0x0000022b654df640, 0x0000022b654ddc00,
0x0000022b654dd570, 0x0000022b654defb0, 0x0000022b654dcee0, 0x0000022b654dc850,
0x0000022b654e3150, 0x0000022b654e3e70, 0x0000022b654e2430, 0x0000022b654e4500,
0x0000022b654e37e0, 0x0000022b654e1da0, 0x0000022b654e1080, 0x0000022b654e0360,
0x0000022b654e09f0, 0x0000022b654e2ac0, 0x0000022b654e1710, 0x0000022b654e58b0,
0x0000022b654e5f40, 0x0000022b654e7980, 0x0000022b654e86a0, 0x0000022b654e8010,
0x0000022b654e5220, 0x0000022b654e6c60, 0x0000022b654e65d0, 0x0000022b654e4b90,
0x0000022b654e8d30, 0x0000022b654e93c0, 0x0000022b654ea0e0, 0x0000022b654e9a50,
0x0000022b654ea770, 0x0000022b654eced0, 0x0000022b654e72f0, 0x0000022b654ec840,
0x0000022b654edbf0, 0x0000022b654ed560, 0x0000022b654ee280, 0x0000022b654ebb20,
0x0000022b654ee910, 0x0000022b654eb490, 0x0000022b654eefa0, 0x0000022b654ef630,
0x0000022b654f2ab0, 0x0000022b654f3140, 0x0000022b654f2420, 0x0000022b654efcc0,
0x0000022b654f09e0, 0x0000022b654f37d0, 0x0000022b654f1700, 0x0000022b654f3e60,
0x0000022b654ec1b0, 0x0000022b654f4b80, 0x0000022b654f5210, 0x0000022b654f1d90,
0x0000022b654f8d20, 0x0000022b654f5f30, 0x0000022b654f65c0, 0x0000022b654f6c50,
0x0000022b654f8000, 0x0000022b654d37f0, 0x0000022b654f1070, 0x0000022b654f72e0,
0x0000022b654f8690, 0x0000022b654f7970, 0x0000022b654f58a0, 0x0000022b654fbb10,
0x0000022b654fadf0, 0x0000022b654fc1a0, 0x0000022b654f0350, 0x0000022b654f9a40,
0x0000022b654fa0d0, 0x0000022b654fb480, 0x0000022b654f93b0, 0x0000022b654fcec0,
0x0000022b654fd550, 0x0000022b654fdbe0, 0x0000022b655016f0, 0x0000022b654fa760,
0x0000022b654fef90, 0x0000022b654ff620, 0x0000022b654ffcb0, 0x0000022b654fe270,
0x0000022b654fc830, 0x0000022b65502410, 0x0000022b65503130, 0x0000022b65501d80,
0x0000022b654fe900, 0x0000022b65500340, 0x0000022b655037c0, 0x0000022b65503e50,
0x0000022b655009d0, 0x0000022b655044e0, 0x0000022b65501060, 0x0000022b65504b70,
0x0000022b65507ff0, 0x0000022b65508d10, 0x0000022b65507960, 0x0000022b655072d0,
0x0000022b655093a0, 0x0000022b65505f20, 0x0000022b65509a30, 0x0000022b6550a0c0,
0x0000022b65506c40, 0x0000022b6550a750, 0x0000022b6550ade0, 0x0000022b655065b0,
0x0000022b6550ceb0, 0x0000022b6550c190, 0x0000022b6550e260, 0x0000022b6550e8f0,
0x0000022b6550b470, 0x0000022b6550bb00, 0x0000022b6550ef80, 0x0000022b65505890,
0x0000022b6550dbd0, 0x0000022b6550f610, 0x0000022b6550fca0, 0x0000022b6550c820,
0x0000022b655109c0, 0x0000022b65510330, 0x0000022b655116e0, 0x0000022b654eae00,
0x0000022b5848ac70, 0x0000022b65502aa0, 0x0000022b62635260, 0x0000022b550859b0,
0x0000022b6550d540, 0x0000022b65511050, 0x0000022b5848da60, 0x0000022b65505200,
0x0000022b655a6f30, 0x0000022b655a7c50, 0x0000022b655a5b80, 0x0000022b655a54f0,
0x0000022b655a4e60, 0x0000022b655a8970, 0x0000022b655a9000, 0x0000022b655a6210,
0x0000022b655a9690, 0x0000022b655a68a0, 0x0000022b655a82e0, 0x0000022b655ab0d0,
0x0000022b655ab760, 0x0000022b655acb10, 0x0000022b655aa3b0, 0x0000022b655aaa40,
0x0000022b655abdf0, 0x0000022b655ad1a0, 0x0000022b655af270, 0x0000022b655a75c0,
0x0000022b655adec0, 0x0000022b655ae550, 0x0000022b655aebe0, 0x0000022b655af900,
0x0000022b655ac480, 0x0000022b655b2060, 0x0000022b655b26f0, 0x0000022b655b1340,
0x0000022b655aff90, 0x0000022b655b0cb0, 0x0000022b655ad830, 0x0000022b655b2d80,
0x0000022b655b3410, 0x0000022b655b3aa0, 0x0000022b655b19d0, 0x0000022b655b5b70,
0x0000022b655b47c0, 0x0000022b655a9d20, 0x0000022b655b4e50, 0x0000022b655b7c40,
0x0000022b655b6890, 0x0000022b655b82d0, 0x0000022b655b54e0, 0x0000022b655b8960,
0x0000022b655b9680, 0x0000022b655b8ff0, 0x0000022b655b9d10, 0x0000022b655ba3a0,
0x0000022b655b75b0, 0x0000022b655b6f20, 0x0000022b655bb0c0, 0x0000022b655bb750,
0x0000022b655baa30, 0x0000022b655be540, 0x0000022b655b6200, 0x0000022b655bc470,
0x0000022b655bdeb0, 0x0000022b655bd190, 0x0000022b655bd820, 0x0000022b655bebd0,
0x0000022b655bcb00, 0x0000022b655c1330, 0x0000022b655c19c0, 0x0000022b655bbde0,
0x0000022b655bf8f0, 0x0000022b655c0610, 0x0000022b655bf260, 0x0000022b655c2050,
0x0000022b655c2d70, 0x0000022b655c3400, 0x0000022b655bff80, 0x0000022b655c61f0,
0x0000022b655c3a90, 0x0000022b655c26e0, 0x0000022b655c0ca0, 0x0000022b655c6880,
0x0000022b655c5b60, 0x0000022b655c4e40, 0x0000022b655c7c30, 0x0000022b655c75a0,
0x0000022b655c82c0, 0x0000022b655c4120, 0x0000022b655c9d00, 0x0000022b655c8950,
0x0000022b655c8fe0, 0x0000022b655ca390, 0x0000022b655c6f10, 0x0000022b6558d850,
0x0000022b6558be10, 0x0000022b6558aa60, 0x0000022b655c54d0, 0x0000022b6558d1c0,
0x0000022b6558b0f0, 0x0000022b6558dee0, 0x0000022b6558b780, 0x0000022b6558f920,
0x0000022b6558f290, 0x0000022b6558ffb0, 0x0000022b65593ac0, 0x0000022b65590640,
0x0000022b6558ec00, 0x0000022b6558cb30, 0x0000022b65594150, 0x0000022b65590cd0,
0x0000022b655947e0, 0x0000022b65591360, 0x0000022b65592080, 0x0000022b655919f0,
0x0000022b6558e570, 0x0000022b65595b90, 0x0000022b65592710, 0x0000022b65596220,
0x0000022b65592da0, 0x0000022b655996a0, 0x0000022b65593430, 0x0000022b65594e70,
0x0000022b65599d30, 0x0000022b6558c4a0, 0x0000022b65597c60, 0x0000022b655982f0,
0x0000022b65596f40, 0x0000022b65598980, 0x0000022b655975d0, 0x0000022b655968b0,
0x0000022b6559aa50, 0x0000022b6559b770, 0x0000022b6559b0e0, 0x0000022b6559c490,
0x0000022b6559be00, 0x0000022b6559cb20, 0x0000022b6559d1b0, 0x0000022b6559a3c0,
0x0000022b6559f280, 0x0000022b6559f910, 0x0000022b655a0cc0, 0x0000022b65599010,
0x0000022b6559e560, 0x0000022b6559ded0, 0x0000022b6559d840, 0x0000022b655a2070,
0x0000022b655a2d90, 0x0000022b6559ffa0, 0x0000022b6559ebf0, 0x0000022b655a1350,
0x0000022b655a0630, 0x0000022b655a3420, 0x0000022b655a47d0, 0x0000022b655a19e0,
0x0000022b655b0620, 0x0000022b655c9670, 0x0000022b64f77710, 0x0000022b655a3ab0,
0x0000022b65508680, 0x0000022b655a2700, 0x0000022b655a4140, 0x0000022b64f30280,
0x0000022b61f91880, 0x0000022b61f93950, 0x0000022b61f925a0, 0x0000022b61f94670,
0x0000022b61f932c0, 0x0000022b61f94d00, 0x0000022b61f91f10, 0x0000022b61f98180,
0x0000022b61f960b0, 0x0000022b61f95a20, 0x0000022b61f96740, 0x0000022b61f97af0,
0x0000022b61f95390, 0x0000022b61f92c30, 0x0000022b61f98810, 0x0000022b61f98ea0,
0x0000022b61f97460, 0x0000022b61f93fe0, 0x0000022b61f9c9b0, 0x0000022b61f9a250,
0x0000022b61f9d040, 0x0000022b61f9c320, 0x0000022b61f9b600, 0x0000022b61f99bc0,
0x0000022b61f96dd0, 0x0000022b61f9bc90, 0x0000022b61f9af70, 0x0000022b61f5f7e0,
0x0000022b61f9d6d0, 0x0000022b61f5eac0, 0x0000022b61f60500, 0x0000022b61f5dda0,
0x0000022b61f5e430, 0x0000022b61f9a8e0, 0x0000022b61f5d080, 0x0000022b61f60b90,
0x0000022b61f5f150, 0x0000022b61f5d710, 0x0000022b61f61f40, 0x0000022b61f618b0,
0x0000022b61f61220, 0x0000022b61f646a0, 0x0000022b61f62c60, 0x0000022b61f5fe70,
0x0000022b61f63980, 0x0000022b61f64010, 0x0000022b61f653c0, 0x0000022b61f66e00,
0x0000022b61f681b0, 0x0000022b61f66770, 0x0000022b61f67b20, 0x0000022b61f65a50,
0x0000022b61f660e0, 0x0000022b61f67490, 0x0000022b61f64d30, 0x0000022b61f6a910,
0x0000022b61f68840, 0x0000022b61f69bf0, 0x0000022b61f6b630, 0x0000022b61f6c350,
0x0000022b61f632f0, 0x0000022b61f6afa0, 0x0000022b61f68ed0, 0x0000022b61f6bcc0,
0x0000022b61f6c9e0, 0x0000022b61f69560, 0x0000022b61f704f0, 0x0000022b61f6d700,
0x0000022b61f6e420, 0x0000022b61f6a280, 0x0000022b61f6f140, 0x0000022b61f6fe60,
0x0000022b61f6d070, 0x0000022b61f6f7d0, 0x0000022b61f70b80, 0x0000022b61f71210,
0x0000022b61f6dd90, 0x0000022b61f74690, 0x0000022b61f625d0, 0x0000022b61f732e0,
0x0000022b61f74d20, 0x0000022b61f73970, 0x0000022b61f753b0, 0x0000022b61f75a40,
0x0000022b61f74000, 0x0000022b61f72c50, 0x0000022b61f725c0, 0x0000022b61f71f30,
0x0000022b61f760d0, 0x0000022b61f76760, 0x0000022b61f76df0, 0x0000022b61f79be0,
0x0000022b61f77480, 0x0000022b61f7a270, 0x0000022b61f77b10, 0x0000022b61f79550,
0x0000022b61f781a0, 0x0000022b61f78830, 0x0000022b61f7bcb0, 0x0000022b61f7d060,
0x0000022b61f7e410, 0x0000022b61f7c9d0, 0x0000022b61f78ec0, 0x0000022b61f7c340,
0x0000022b61f7dd80, 0x0000022b61f7d6f0, 0x0000022b61f6eab0, 0x0000022b61f7a900,
0x0000022b61f7af90, 0x0000022b61f81890, 0x0000022b61f7fe50, 0x0000022b61f7f7c0,
0x0000022b61f81200, 0x0000022b61f804e0, 0x0000022b61f7b620, 0x0000022b61f84680,
0x0000022b61f832d0, 0x0000022b61f85a30, 0x0000022b61f860c0, 0x0000022b61f853a0,
0x0000022b61f83960, 0x0000022b61f82c40, 0x0000022b61f86750, 0x0000022b61f86de0,
0x0000022b61f87470, 0x0000022b61f88eb0, 0x0000022b61f83ff0, 0x0000022b61f8a260,
0x0000022b61f89540, 0x0000022b61f8af80, 0x0000022b61f89bd0, 0x0000022b61f80b70,
0x0000022b61f8b610, 0x0000022b61f8dd70, 0x0000022b61f8c9c0, 0x0000022b61f8a8f0,
0x0000022b61f8d050, 0x0000022b61f8c330, 0x0000022b61f8ea90, 0x0000022b61f8e400,
0x0000022b61f88190, 0x0000022b61f8bca0, 0x0000022b61f88820, 0x0000022b61f904d0,
0x0000022b61f8f120, 0x0000022b61f8f7b0, 0x0000022b61f8fe40, 0x0000022b61f90b60,
0x0000022b61f99530, 0x0000022b61f718a0, 0x0000022b654f44f0, 0x0000022b65cb2b00,
0x0000022b65cb3190, 0x0000022b65cb3eb0, 0x0000022b65cb4bd0, 0x0000022b65cb2470,
0x0000022b65cb3820, 0x0000022b65cb5260, 0x0000022b65cb4540, 0x0000022b65cb86e0,
0x0000022b65cb5f80, 0x0000022b65cb8050, 0x0000022b65cb8d70, 0x0000022b65cb58f0,
0x0000022b65cb7330, 0x0000022b65cba7b0, 0x0000022b65cbae40, 0x0000022b65cb9a90,
0x0000022b65cb6ca0, 0x0000022b65cb79c0, 0x0000022b65cbe2c0, 0x0000022b65cbdc30,
0x0000022b65cbc1f0, 0x0000022b65cbe950, 0x0000022b65cbc880, 0x0000022b65cbcf10,
0x0000022b65cbb4d0, 0x0000022b65cbd5a0, 0x0000022b65cba120, 0x0000022b65cc10b0,
0x0000022b65cc1740, 0x0000022b65cc1dd0, 0x0000022b65cbefe0, 0x0000022b65cbfd00,
0x0000022b65cc0a20, 0x0000022b65cb9400, 0x0000022b65cc2af0, 0x0000022b65cbf670,
0x0000022b65cc3180, 0x0000022b65cc3810, 0x0000022b65cc4bc0, 0x0000022b65cc0390,
0x0000022b65cc5250, 0x0000022b65cc5f70, 0x0000022b65cc3ea0, 0x0000022b65cbbb60,
0x0000022b65cc79b0, 0x0000022b65cc6600, 0x0000022b65cc4530, 0x0000022b65cc6c90,
0x0000022b65cc9a80, 0x0000022b65cc8040, 0x0000022b65cca7a0, 0x0000022b65cc2460,
0x0000022b65cc86d0, 0x0000022b65cc7320, 0x0000022b65ccc1e0, 0x0000022b65cc93f0,
0x0000022b65ccb4c0, 0x0000022b65ccae30, 0x0000022b65cca110, 0x0000022b65ccd590,
0x0000022b65cc8d60, 0x0000022b65ccefd0, 0x0000022b65cd0a10, 0x0000022b65ccdc20,
0x0000022b65cce940, 0x0000022b65ccfcf0, 0x0000022b65ccf660, 0x0000022b65cccf00,
0x0000022b65cd2450, 0x0000022b65ccc870, 0x0000022b65cd3170, 0x0000022b65cd0380,
0x0000022b65cd3800, 0x0000022b65c9b4f0, 0x0000022b65c9a7d0, 0x0000022b65c98700,
0x0000022b65c98070, 0x0000022b65c9c210, 0x0000022b65c99ab0, 0x0000022b65c9c8a0,
0x0000022b65c99420, 0x0000022b65c9cf30, 0x0000022b65c9a140, 0x0000022b65c9dc50,
0x0000022b65c9e2e0, 0x0000022b65c9f690, 0x0000022b65c98d90, 0x0000022b65ca10d0,
0x0000022b65ca1760, 0x0000022b65c9fd20, 0x0000022b65ca03b0, 0x0000022b65ca1df0,
0x0000022b65c9e970, 0x0000022b65ca2480, 0x0000022b65ca31a0, 0x0000022b65c9ae60,
0x0000022b65c9f000, 0x0000022b65ca3830, 0x0000022b65ca3ec0, 0x0000022b65ca4550,
0x0000022b65ca2b10, 0x0000022b65ca7340, 0x0000022b65ca4be0, 0x0000022b65ca5900,
0x0000022b65c9d5c0, 0x0000022b65ca6620, 0x0000022b65ca79d0, 0x0000022b65ca5270,
0x0000022b65ca8d80, 0x0000022b65ca9410, 0x0000022b65ca5f90, 0x0000022b65caa130,
0x0000022b65ca8060, 0x0000022b65ca86f0, 0x0000022b65ca6cb0, 0x0000022b65cac890,
0x0000022b65cab4e0, 0x0000022b65cacf20, 0x0000022b65cad5b0, 0x0000022b65cadc40,
0x0000022b65caae50, 0x0000022b65cac200, 0x0000022b65ca0a40, 0x0000022b65ca9aa0,
0x0000022b65cae960, 0x0000022b65caeff0, 0x0000022b65cabb70, 0x0000022b65cb0a30,
0x0000022b65caf680, 0x0000022b65cafd10, 0x0000022b65cb1750, 0x0000022b65cc58e0,
0x0000022b65cb10c0, 0x0000022b65cae2d0, 0x0000022b65cb1de0, 0x0000022b65ccbb50,
0x0000022b65cd3e90, 0x0000022b61f87b00, 0x0000022b61f911f0, 0x0000022b550873f0,
0x0000022b65caa7c0, 0x0000022b65abca40, 0x0000022b65abe480, 0x0000022b65abddf0,
0x0000022b65abd760, 0x0000022b65abeb10, 0x0000022b65abb690, 0x0000022b65abf1a0,
0x0000022b65abf830, 0x0000022b65abc3b0, 0x0000022b65ac0550, 0x0000022b65abd0d0,
0x0000022b65ac1900, 0x0000022b65ac3340, 0x0000022b65ac0be0, 0x0000022b65ac39d0,
0x0000022b65ac1f90, 0x0000022b65ac46f0, 0x0000022b65ac2620, 0x0000022b65ac2cb0,
0x0000022b65abfec0, 0x0000022b65ac4d80, 0x0000022b65ac5410, 0x0000022b65ac5aa0,
0x0000022b65ac67c0, 0x0000022b65a86e90, 0x0000022b65a89c80, 0x0000022b65ac6130,
0x0000022b65a895f0, 0x0000022b65a8b030, 0x0000022b65a888d0, 0x0000022b65a88f60,
0x0000022b65a8a9a0, 0x0000022b65a87bb0, 0x0000022b65a88240, 0x0000022b65a8de20,
0x0000022b65a8a310, 0x0000022b65a8b6c0, 0x0000022b65a8f860, 0x0000022b65a8d100,
0x0000022b65a8c3e0, 0x0000022b65a8ca70, 0x0000022b65a8f1d0, 0x0000022b65a8e4b0,
0x0000022b65a8fef0, 0x0000022b65a8bd50, 0x0000022b65a8d790, 0x0000022b65a912a0,
0x0000022b65a93a00, 0x0000022b65a90580, 0x0000022b65a91fc0, 0x0000022b65a8eb40,
0x0000022b65a94090, 0x0000022b65a94720, 0x0000022b65a94db0, 0x0000022b65a96160,
0x0000022b65a93370, 0x0000022b65a95440, 0x0000022b65a95ad0, 0x0000022b65a90c10,
0x0000022b65a92ce0, 0x0000022b65a995e0, 0x0000022b65a87520, 0x0000022b65a99c70,
0x0000022b65a967f0, 0x0000022b65a97510, 0x0000022b65a97ba0, 0x0000022b65a9a300,
0x0000022b65a96e80, 0x0000022b65a9b020, 0x0000022b65a9b6b0, 0x0000022b65a98f50,
0x0000022b65a98230, 0x0000022b65a9a990, 0x0000022b65a988c0, 0x0000022b65a9e4a0,
0x0000022b65a9eb30, 0x0000022b65a9d780, 0x0000022b65a9c3d0, 0x0000022b65a9f1c0,
0x0000022b65a9fee0, 0x0000022b65a91930, 0x0000022b65a9bd40, 0x0000022b65aa0570,
0x0000022b65a9f850, 0x0000022b65a9d0f0, 0x0000022b65aa0c00, 0x0000022b65aa4710,
0x0000022b65aa2cd0, 0x0000022b65a9de10, 0x0000022b65aa1290, 0x0000022b65aa4080,
0x0000022b65aa4da0, 0x0000022b65aa1920, 0x0000022b65aa1fb0, 0x0000022b65aa5430,
0x0000022b65aa5ac0, 0x0000022b65aa95d0, 0x0000022b65aa67e0, 0x0000022b65aa3360,
0x0000022b65aa9c60, 0x0000022b65aa88b0, 0x0000022b65aaa2f0, 0x0000022b65aa6e70,
0x0000022b65aaa980, 0x0000022b65aa7b90, 0x0000022b65aa39f0, 0x0000022b65aa7500,
0x0000022b65aa8220, 0x0000022b65aabd30, 0x0000022b65aab6a0, 0x0000022b65aac3c0,
0x0000022b65aa8f40, 0x0000022b65aaca50, 0x0000022b65ab0560, 0x0000022b65aad0e0,
0x0000022b65aad770, 0x0000022b65aae490, 0x0000022b65aab010, 0x0000022b65ab0bf0,
0x0000022b65ab1280, 0x0000022b65aafed0, 0x0000022b65aaf1b0, 0x0000022b65ab2630,
0x0000022b65aa6150, 0x0000022b65ab1910, 0x0000022b65ab1fa0, 0x0000022b65aaeb20,
0x0000022b65ab4d90, 0x0000022b65ab4700, 0x0000022b65ab5420, 0x0000022b65ab5ab0,
0x0000022b65ab2cc0, 0x0000022b65aaf840, 0x0000022b65aade00, 0x0000022b65ab3350,
0x0000022b65ab4070, 0x0000022b65ab6e60, 0x0000022b65ab39e0, 0x0000022b65ab8f30,
0x0000022b65ab74f0, 0x0000022b65ab88a0, 0x0000022b65ab7b80, 0x0000022b65ab6140,
0x0000022b65ab9c50, 0x0000022b65ab67d0, 0x0000022b65aba2e0, 0x0000022b65aba970,
0x0000022b65abb000, 0x0000022b65abbd20, 0x0000022b65cd4bb0, 0x0000022b65ab95c0,
0x0000022b65cd1dc0, 0x0000022b65ab8210, 0x0000022b65ac4060, 0x0000022b61f825b0,
0x0000022b61f8d6e0, 0x0000022b55084c90, 0x0000022b65cb03a0, 0x0000022b6596d470,
0x0000022b6596eeb0, 0x0000022b6596f540, 0x0000022b6596e190, 0x0000022b65971610,
0x0000022b65970260, 0x0000022b6596fbd0, 0x0000022b659708f0, 0x0000022b6596e820,
0x0000022b659736e0, 0x0000022b65972330, 0x0000022b65970f80, 0x0000022b6596db00,
0x0000022b65974400, 0x0000022b65971ca0, 0x0000022b659729c0, 0x0000022b659764d0,
0x0000022b65973d70, 0x0000022b659771f0, 0x0000022b6596cde0, 0x0000022b65975e40,
0x0000022b65973050, 0x0000022b65979950, 0x0000022b65978c30, 0x0000022b65979fe0,
0x0000022b65977f10, 0x0000022b659785a0, 0x0000022b65974a90, 0x0000022b65975120,
0x0000022b659792c0, 0x0000022b65976b60, 0x0000022b6597daf0, 0x0000022b6597d460,
0x0000022b6597e180, 0x0000022b6597ad00, 0x0000022b6597cdd0, 0x0000022b6597a670,
0x0000022b6597eea0, 0x0000022b6597f530, 0x0000022b6597c0b0, 0x0000022b6597fbc0,
0x0000022b65983040, 0x0000022b6597c740, 0x0000022b659808e0, 0x0000022b65980250,
0x0000022b6597e810, 0x0000022b6597b390, 0x0000022b65981600, 0x0000022b659843f0,
0x0000022b65983d60, 0x0000022b65980f70, 0x0000022b65984a80, 0x0000022b659829b0,
0x0000022b65981c90, 0x0000022b659757b0, 0x0000022b6597ba20, 0x0000022b65985e30,
0x0000022b659857a0, 0x0000022b659864c0, 0x0000022b65989fd0, 0x0000022b65988c20,
0x0000022b659892b0, 0x0000022b65987870, 0x0000022b65986b50, 0x0000022b6598a660,
0x0000022b65987f00, 0x0000022b65989940, 0x0000022b659871e0, 0x0000022b6598b380,
0x0000022b6598c730, 0x0000022b6598acf0, 0x0000022b6598ba10, 0x0000022b65988590,
0x0000022b6598d450, 0x0000022b6598ee90, 0x0000022b6598f520, 0x0000022b6598cdc0,
0x0000022b65990f60, 0x0000022b6598dae0, 0x0000022b6598e800, 0x0000022b65991c80,
0x0000022b6598c0a0, 0x0000022b65985110, 0x0000022b6598e170, 0x0000022b65993030,
0x0000022b659929a0, 0x0000022b6598fbb0, 0x0000022b659936c0, 0x0000022b65992310,
0x0000022b659908d0, 0x0000022b65996b40, 0x0000022b659915f0, 0x0000022b65990240,
0x0000022b65995100, 0x0000022b659971d0, 0x0000022b65997860, 0x0000022b659964b0,
0x0000022b65994a70, 0x0000022b65998c10, 0x0000022b65993d50, 0x0000022b65995e20,
0x0000022b659943e0, 0x0000022b659992a0, 0x0000022b65999930, 0x0000022b6599a650,
0x0000022b65998580, 0x0000022b6599ace0, 0x0000022b6599b370, 0x0000022b65997ef0,
0x0000022b6599c090, 0x0000022b6599c720, 0x0000022b6599cdb0, 0x0000022b6599d440,
0x0000022b659a0230, 0x0000022b65999fc0, 0x0000022b659a0f50, 0x0000022b659a08c0,
0x0000022b65995790, 0x0000022b6599ee80, 0x0000022b6599e7f0, 0x0000022b6599ba00,
0x0000022b6599f510, 0x0000022b6599fba0, 0x0000022b659a2990, 0x0000022b659a3d40,
0x0000022b659a36b0, 0x0000022b6599e160, 0x0000022b659a2300, 0x0000022b659a15e0,
0x0000022b659a1c70, 0x0000022b659a5780, 0x0000022b659a43d0, 0x0000022b659a7ee0,
0x0000022b659a50f0, 0x0000022b659a71c0, 0x0000022b659a5e10, 0x0000022b659a4a60,
0x0000022b659a3020, 0x0000022b659a6b30, 0x0000022b659a8c00, 0x0000022b659aa640,
0x0000022b659a9920, 0x0000022b659ab9f0, 0x0000022b659aacd0, 0x0000022b659a7850,
0x0000022b659a9fb0, 0x0000022b659ab360, 0x0000022b659a8570, 0x0000022b659ac080,
0x0000022b65982320, 0x0000022b659ac710, 0x0000022b6599dad0, 0x0000022b65cd1730,
0x0000022b65cd10a0, 0x0000022b65cd4520, 0x0000022b65cd5240, 0x0000022b65cd2ae0,
0x0000022b65cd58d0, 0x0000022b65cd5f60, 0x0000022b65cd65f0, 0x0000022b65cd7310,
0x0000022b65cd79a0, 0x0000022b659836d0, 0x0000022b65cce2b0, 0x0000022b65cd6c80,
0x0000022b65cd86c0, 0x0000022b65cb6610, 0x0000022b55085320, 0x0000022b659a64a0,
0x0000022b55082bc0, 0x0000022b65595500, 0x0000022b61f84d10, 0x0000022b66a502c0,
0x0000022b66a52390, 0x0000022b66a52a20, 0x0000022b66a530b0, 0x0000022b66a50950,
0x0000022b66a53740, 0x0000022b66a54460, 0x0000022b66a55180, 0x0000022b66a51d00,
0x0000022b66a50fe0, 0x0000022b66a54af0, 0x0000022b66a51670, 0x0000022b66a58c90,
0x0000022b66a59320, 0x0000022b66a57250, 0x0000022b66a56530, 0x0000022b66a599b0,
0x0000022b66a55ea0, 0x0000022b66a53dd0, 0x0000022b66a55810, 0x0000022b66a5ad60,
0x0000022b66a5a6d0, 0x0000022b66a578e0, 0x0000022b66a57f70, 0x0000022b66a5ba80,
0x0000022b66a58600, 0x0000022b66a5c110, 0x0000022b66a5b3f0, 0x0000022b66a5ce30,
0x0000022b66a5d4c0, 0x0000022b66a5a040, 0x0000022b66a60940, 0x0000022b66a5ef00,
0x0000022b66a5e870, 0x0000022b66a60fd0, 0x0000022b66a5db50, 0x0000022b66a5fc20,
0x0000022b66a5c7a0, 0x0000022b66a61cf0, 0x0000022b66a62380, 0x0000022b66a62a10,
0x0000022b66a5f590, 0x0000022b66a630a0, 0x0000022b66a65800, 0x0000022b66a602b0,
0x0000022b66a64ae0, 0x0000022b66a65e90, 0x0000022b66a66bb0, 0x0000022b66a67240,
0x0000022b66a63dc0, 0x0000022b66a678d0, 0x0000022b66a685f0, 0x0000022b66a69310,
0x0000022b66a66520, 0x0000022b66a64450, 0x0000022b66a63730, 0x0000022b66a699a0,
0x0000022b66a68c80, 0x0000022b66a6a030, 0x0000022b66a6c790, 0x0000022b66a6c100,
0x0000022b66a6b3e0, 0x0000022b66a6a6c0, 0x0000022b66a6db40, 0x0000022b66a6ba70,
0x0000022b66a6e1d0, 0x0000022b66a6d4b0, 0x0000022b66a6ad50, 0x0000022b66a71650,
0x0000022b66a70930, 0x0000022b66a6eef0, 0x0000022b66a6e860, 0x0000022b66a71ce0,
0x0000022b66a72370, 0x0000022b66a72a00, 0x0000022b66a6f580, 0x0000022b66a702a0,
0x0000022b66a73090, 0x0000022b66a6fc10, 0x0000022b66a74440, 0x0000022b66a67f60,
0x0000022b66a73db0, 0x0000022b66a70fc0, 0x0000022b66a74ad0, 0x0000022b66a75160,
0x0000022b66a757f0, 0x0000022b66a37900, 0x0000022b66a36550, 0x0000022b66a73720,
0x0000022b66a37f90, 0x0000022b66a38620, 0x0000022b66a38cb0, 0x0000022b66a39340,
0x0000022b66a3c7c0, 0x0000022b66a35ec0, 0x0000022b66a3ce50, 0x0000022b66a399d0,
0x0000022b66a5e1e0, 0x0000022b66a45190, 0x0000022b66a423a0, 0x0000022b66a45eb0,
0x0000022b66a42a30, 0x0000022b66a44b00, 0x0000022b66a46540, 0x0000022b66a43750,
0x0000022b66a44470, 0x0000022b66a45820, 0x0000022b66a478f0, 0x0000022b66a47f80,
0x0000022b66a48610, 0x0000022b66a48ca0, 0x0000022b66a46bd0, 0x0000022b66a49330,
0x0000022b66a4a050, 0x0000022b66a4e1f0, 0x0000022b66a430c0, 0x0000022b66a47260,
0x0000022b66a4ba90, 0x0000022b66a4ce40, 0x0000022b66a4ad70, 0x0000022b66a4c120,
0x0000022b66a499c0, 0x0000022b66a4d4d0, 0x0000022b66a4a6e0, 0x0000022b66a4b400,
0x0000022b66a4fc30, 0x0000022b66a4c7b0, 0x0000022b66a4e880, 0x0000022b66a4db60,
0x0000022b66a65170, 0x0000022b66a4f5a0, 0x0000022b66a6ce20, 0x0000022b61f81f20,
0x0000022b659a9290, 0x0000022b66a4ef10, 0x0000022b65a9ca60, 0x0000022b6641d400,
0x0000022b6641c050, 0x0000022b6641da90, 0x0000022b6641f4d0, 0x0000022b6641fb60,
0x0000022b6641c6e0, 0x0000022b664215a0, 0x0000022b6641cd70, 0x0000022b6641e120,
0x0000022b6641ee40, 0x0000022b66421c30, 0x0000022b6641e7b0, 0x0000022b66422fe0,
0x0000022b66423670, 0x0000022b66420880, 0x0000022b664201f0, 0x0000022b66423d00,
0x0000022b66420f10, 0x0000022b66424a20, 0x0000022b664250b0, 0x0000022b664222c0,
0x0000022b66428530, 0x0000022b66427810, 0x0000022b66425dd0, 0x0000022b66425740,
0x0000022b66422950, 0x0000022b66427ea0, 0x0000022b664298e0, 0x0000022b66426460,
0x0000022b66426af0, 0x0000022b66428bc0, 0x0000022b6642a600, 0x0000022b66427180,
0x0000022b66429f70, 0x0000022b6642b320, 0x0000022b6642b9b0, 0x0000022b6642c6d0,
0x0000022b66429250, 0x0000022b6642f4c0, 0x0000022b6642da80, 0x0000022b6642e110,
0x0000022b6642d3f0, 0x0000022b6642c040, 0x0000022b66424390, 0x0000022b6642fb50,
0x0000022b66431c20, 0x0000022b664301e0, 0x0000022b6642e7a0, 0x0000022b66430870,
0x0000022b664322b0, 0x0000022b6642ee30, 0x0000022b6642cd60, 0x0000022b66433cf0,
0x0000022b66434380, 0x0000022b66432940, 0x0000022b66431590, 0x0000022b66432fd0,
0x0000022b66430f00, 0x0000022b66434a10, 0x0000022b66435dc0, 0x0000022b664350a0,
0x0000022b66435730, 0x0000022b66436450, 0x0000022b66439f60, 0x0000022b66438bb0,
0x0000022b66438520, 0x0000022b664398d0, 0x0000022b66439240, 0x0000022b6643ac80,
0x0000022b6642ac90, 0x0000022b66437170, 0x0000022b66437800, 0x0000022b6643b310,
0x0000022b66437e90, 0x0000022b6643d3e0, 0x0000022b6643e790, 0x0000022b6643da70,
0x0000022b6643e100, 0x0000022b6643b9a0, 0x0000022b6643a5f0, 0x0000022b6643ee20,
0x0000022b6643f4b0, 0x0000022b6643c030, 0x0000022b6643c6c0, 0x0000022b664422a0,
0x0000022b6643fb40, 0x0000022b66442fc0, 0x0000022b6643cd50, 0x0000022b66441c10,
0x0000022b66442930, 0x0000022b66443650, 0x0000022b66443ce0, 0x0000022b664477f0,
0x0000022b66440860, 0x0000022b66445720, 0x0000022b66445090, 0x0000022b664401d0,
0x0000022b66446ad0, 0x0000022b66447160, 0x0000022b66444370, 0x0000022b66447e80,
0x0000022b66444a00, 0x0000022b6644b300, 0x0000022b66441580, 0x0000022b66440ef0,
0x0000022b66449230, 0x0000022b66448ba0, 0x0000022b66445db0, 0x0000022b664498c0,
0x0000022b66446440, 0x0000022b6644c6b0, 0x0000022b6644b990, 0x0000022b6644cd40,
0x0000022b6644c020, 0x0000022b6644a5e0, 0x0000022b6644ac70, 0x0000022b66448510,
0x0000022b6644e0f0, 0x0000022b6644d3d0, 0x0000022b664501c0, 0x0000022b6644da60,
0x0000022b6644e780, 0x0000022b6644fb30, 0x0000022b6644f4a0, 0x0000022b66450ee0,
0x0000022b66452290, 0x0000022b66450850, 0x0000022b66453640, 0x0000022b66451570,
0x0000022b66453cd0, 0x0000022b664549f0, 0x0000022b66452fb0, 0x0000022b66452920,
0x0000022b66459220, 0x0000022b66456430, 0x0000022b66455da0, 0x0000022b66456ac0,
0x0000022b66457150, 0x0000022b66454360, 0x0000022b664598b0, 0x0000022b66455710,
0x0000022b66458500, 0x0000022b6645ac60, 0x0000022b66455080, 0x0000022b66459f40,
0x0000022b6645b2f0, 0x0000022b6645a5d0, 0x0000022b66433660, 0x0000022b66449f50,
0x0000022b66a36be0, 0x0000022b66a3c130, 0x0000022b66a3d4e0, 0x0000022b66a3a060,
0x0000022b66a3db70, 0x0000022b66a3a6f0, 0x0000022b66a41680, 0x0000022b66a40ff0,
0x0000022b66a3f5b0, 0x0000022b66a3fc40, 0x0000022b66a402d0, 0x0000022b66a41d10,
0x0000022b66a40960, 0x0000022b66a3e890, 0x0000022b66a43de0, 0x0000022b66a37270,
0x0000022b66a3ef20, 0x0000022b66457e70, 0x0000022b55086d60, 0x0000022b6644ee10,
0x0000022b66a3b410, 0x0000022b66a3e200, 0x0000022b66a56bc0, 0x0000022b55083f70,
0x0000022b65cd8030, 0x0000022b66a61660, 0x0000022b676e52b0, 0x0000022b676e5940,
0x0000022b676e31e0, 0x0000022b676e4c20, 0x0000022b676e3870, 0x0000022b676e3f00,
0x0000022b676e4590, 0x0000022b676e7a10, 0x0000022b676e80a0, 0x0000022b676e7380,
0x0000022b676c9b00, 0x0000022b676ca820, 0x0000022b676cbbd0, 0x0000022b676c8de0,
0x0000022b676cc8f0, 0x0000022b676c9470, 0x0000022b676cd610, 0x0000022b676ccf80,
0x0000022b676caeb0, 0x0000022b676ca190, 0x0000022b676cdca0, 0x0000022b676ce9c0,
0x0000022b676d24d0, 0x0000022b676cf050, 0x0000022b676cf6e0, 0x0000022b676cc260,
0x0000022b676d1120, 0x0000022b676d2b60, 0x0000022b676cb540, 0x0000022b676cfd70,
0x0000022b676d17b0, 0x0000022b676ce330, 0x0000022b676d3f10, 0x0000022b676d31f0,
0x0000022b676d3880, 0x0000022b676d1e40, 0x0000022b676d4c30, 0x0000022b676d0a90,
0x0000022b676d45a0, 0x0000022b676d6d00, 0x0000022b676d7390, 0x0000022b676d5fe0,
0x0000022b676d7a20, 0x0000022b676d80b0, 0x0000022b676d6670, 0x0000022b676daea0,
0x0000022b676d0400, 0x0000022b676d8dd0, 0x0000022b676d5950, 0x0000022b676dc250,
0x0000022b676db530, 0x0000022b676d9460, 0x0000022b676da810, 0x0000022b676dbbc0,
0x0000022b676d9af0, 0x0000022b676d52c0, 0x0000022b676dcf70, 0x0000022b676dd600,
0x0000022b676da180, 0x0000022b676dfd60, 0x0000022b676de9b0, 0x0000022b676e03f0,
0x0000022b676e0a80, 0x0000022b676e1110, 0x0000022b676df6d0, 0x0000022b676d8740,
0x0000022b676ddc90, 0x0000022b676e24c0, 0x0000022b676e17a0, 0x0000022b676e1e30,
0x0000022b676df040, 0x0000022b676e5fd0, 0x0000022b676e6cf0, 0x0000022b676dc8e0,
0x0000022b676de320, 0x0000022b664577e0, 0x0000022b66458b90, 0x0000022b66436ae0,
0x0000022b55080460, 0x0000022b66a3ad80, 0x0000022b667178f0, 0x0000022b66717260,
0x0000022b66717f80, 0x0000022b66715eb0, 0x0000022b66716bd0, 0x0000022b66715190,
0x0000022b66718ca0, 0x0000022b66715820, 0x0000022b6671c7b0, 0x0000022b6671b400,
0x0000022b66719330, 0x0000022b66718610, 0x0000022b66716540, 0x0000022b6671ba90,
0x0000022b6671c120, 0x0000022b6671ce40, 0x0000022b6671a050, 0x0000022b6671db60,
0x0000022b6671e880, 0x0000022b6671d4d0, 0x0000022b6671a6e0, 0x0000022b6671ad70,
0x0000022b66720950, 0x0000022b66721670, 0x0000022b66720fe0, 0x0000022b66722390,
0x0000022b6671f5a0, 0x0000022b667202c0, 0x0000022b66721d00, 0x0000022b6671ef10,
0x0000022b667199c0, 0x0000022b6671e1f0, 0x0000022b66725ea0, 0x0000022b667230b0,
0x0000022b66725180, 0x0000022b66723740, 0x0000022b66725810, 0x0000022b667278e0,
0x0000022b66723dd0, 0x0000022b66724460, 0x0000022b66724af0, 0x0000022b66722a20,
0x0000022b667299b0, 0x0000022b66726bc0, 0x0000022b6672ad60, 0x0000022b66729320,
0x0000022b6672ba80, 0x0000022b6671fc30, 0x0000022b6672a040, 0x0000022b6672a6d0,
0x0000022b66728c90, 0x0000022b6672b3f0, 0x0000022b66728600, 0x0000022b66727f70,
0x0000022b6672ce30, 0x0000022b6672d4c0, 0x0000022b6672c110, 0x0000022b66727250,
0x0000022b6672c7a0, 0x0000022b6672e1e0, 0x0000022b6672ef00, 0x0000022b6672e870,
0x0000022b667302b0, 0x0000022b66731660, 0x0000022b66732380, 0x0000022b6672fc20,
0x0000022b66731cf0, 0x0000022b6672db50, 0x0000022b66730940, 0x0000022b66730fd0,
0x0000022b66732a10, 0x0000022b66733730, 0x0000022b6672f590, 0x0000022b66733dc0,
0x0000022b66734450, 0x0000022b66735800, 0x0000022b66735e90, 0x0000022b66734ae0,
0x0000022b667330a0, 0x0000022b667399a0, 0x0000022b667385f0, 0x0000022b667378d0,
0x0000022b66737240, 0x0000022b66735170, 0x0000022b66736bb0, 0x0000022b6673a6c0,
0x0000022b6673ad50, 0x0000022b66739310, 0x0000022b6673a030, 0x0000022b6673b3e0,
0x0000022b66737f60, 0x0000022b6673c100, 0x0000022b66736520, 0x0000022b6673ba70,
0x0000022b66738c80, 0x0000022b6673ce20, 0x0000022b6673d4b0, 0x0000022b6673f580,
0x0000022b667402a0, 0x0000022b66740930, 0x0000022b66740fc0, 0x0000022b6673e860,
0x0000022b6674a6b0, 0x0000022b6674ad40, 0x0000022b6674f570, 0x0000022b69164550,
0x0000022b69166620, 0x0000022b69163ec0, 0x0000022b6916ae50, 0x0000022b6916f680,
0x0000022b69172470, 0x0000022b6916fd10, 0x0000022b691703a0, 0x0000022b6916eff0,
0x0000022b69173190, 0x0000022b69172b00, 0x0000022b69173820, 0x0000022b69173eb0,
0x0000022b691710c0, 0x0000022b69177330, 0x0000022b691758f0, 0x0000022b6917dc30,
0x0000022b69181740, 0x0000022b6917e950, 0x0000022b69183180, 0x0000022b691810b0,
0x0000022b69183ea0, 0x0000022b69185250, 0x0000022b691479f0, 0x0000022b6914a7e0,
0x0000022b6914c220, 0x0000022b691503c0, 0x0000022b69154560, 0x0000022b69157350,
0x0000022b69155fa0, 0x0000022b69158070, 0x0000022b6915b4f0, 0x0000022b673a82b0,
0x0000022b673a9cf0, 0x0000022b673ab0a0, 0x0000022b673b0c80, 0x0000022b673b9ce0,
0x0000022b673bb720, 0x0000022b673bd160, 0x0000022b673c33d0, 0x0000022b673ca360,
0x0000022b6738d190, 0x0000022b67394120, 0x0000022b67394e40, 0x0000022b673a7c20,
0x0000022b673b19a0, 0x0000022b673ae520, 0x0000022b673b54b0, 0x0000022b67396880,
0x0000022b673b2d50, 0x0000022b673b6860, 0x0000022b673aff60, 0x0000022b673ac450,
0x0000022b6739d810, 0x0000022b6739dea0, 0x0000022b6739c460, 0x0000022b673a0600,
0x0000022b673a19b0, 0x0000022b673a1320, 0x0000022b69146640, 0x0000022b69148710,
0x0000022b6914b500, 0x0000022b69152b20, 0x0000022b69154bf0, 0x0000022b69155910,
0x0000022b6915d5c0, 0x0000022b6915a140, 0x0000022b6915f000, 0x0000022b69162b10,
0x0000022b6915f690, 0x0000022b691610d0, 0x0000022b691603b0, 0x0000022b69164be0,
0x0000022b69161df0, 0x0000022b691686f0, 0x0000022b69165f90, 0x0000022b6916bb70,
0x0000022b6916b4e0, 0x0000022b69175f80, 0x0000022b6917efe0, 0x0000022b69183810,
0x0000022b6674c0f0, 0x0000022b6674ba60, 0x0000022b6674ce10, 0x0000022b66750fb0,
0x0000022b66751640, 0x0000022b6674e850, 0x0000022b6674eee0, 0x0000022b667557e0,
0x0000022b66753da0, 0x0000022b66754ac0, 0x0000022b66726530, 0x0000022b6673eef0,
0x0000022b6673fc10, 0x0000022b66744440, 0x0000022b66741ce0, 0x0000022b66744ad0,
0x0000022b66745160, 0x0000022b66742370, 0x0000022b66745e80, 0x0000022b667478c0,
0x0000022b6917bb60, 0x0000022b6914dc60, 0x0000022b552e0ae0, 0x0000022b689f6760,
0x0000022b689fa270, 0x0000022b689f7480, 0x0000022b689f8830, 0x0000022b689fc340,
0x0000022b689fe410, 0x0000022b689fb620, 0x0000022b689ff130, 0x0000022b689feaa0,
0x0000022b689fbcb0, 0x0000022b68a032d0, 0x0000022b68a03960, 0x0000022b68a03ff0,
0x0000022b68a06750, 0x0000022b68a08190, 0x0000022b68a053a0, 0x0000022b68a0a260,
0x0000022b68a08eb0, 0x0000022b68a0ea90, 0x0000022b68a13950, 0x0000022b68a10b60,
0x0000022b68a132c0, 0x0000022b68a13fe0, 0x0000022b68a14670, 0x0000022b68a111f0,
0x0000022b68a15390, 0x0000022b550838e0, 0x0000022b810ee770, 0x0000022b810eee00,
0x0000022b810ee0e0, 0x0000022b810efb20, 0x0000022b810f01b0, 0x0000022b810f1560,
0x0000022b810ef490, 0x0000022b810f49e0, 0x0000022b810f2fa0, 0x0000022b810f7e60,
0x0000022b810f77d0, 0x0000022b810f84f0, 0x0000022b810f6ab0, 0x0000022b810f98a0,
0x0000022b810bc6d0, 0x0000022b810b9250, 0x0000022b810b9f70, 0x0000022b810bc040,
0x0000022b810bac90, 0x0000022b810bcd60, 0x0000022b810b98e0, 0x0000022b810c01e0,
0x0000022b810bee30, 0x0000022b810c6450, 0x0000022b810ca5f0, 0x0000022b810d0860,
0x0000022b810dee10, 0x0000022b810e0850, 0x0000022b810dfb30, 0x0000022b810dd3d0,
0x0000022b810db300, 0x0000022b810dda60, 0x0000022b6738f8f0, 0x0000022b673bf8c0,
0x0000022b67398fe0, 0x0000022b6739b0b0, 0x0000022b673b1310, 0x0000022b6739bdd0,
0x0000022b673c7c00, 0x0000022b673b05f0, 0x0000022b810dc6b0, 0x0000022b810db990,
0x0000022b810df4a0, 0x0000022b810e3640, 0x0000022b810e2fb0, 0x0000022b810e01c0,
0x0000022b810e3cd0, 0x0000022b810ba600, 0x0000022b810e5710, 0x0000022b810e5da0,
0x0000022b810dac70, 0x0000022b810de780, 0x0000022b810e7e70, 0x0000022b810e98b0,
0x0000022b810ecd30, 0x0000022b810ed3c0, 0x0000022b810eb2f0, 0x0000022b810f0840,
0x0000022b673919c0, 0x0000022b673a5b50, 0x0000022b673a6870, 0x0000022b6738b0c0,
0x0000022b6738e540, 0x0000022b6738bde0, 0x0000022b67392050, 0x0000022b673982c0,
0x0000022b67397c30, 0x0000022b6739aa20, 0x0000022b673975a0, 0x0000022b6739caf0,
0x0000022b6739e530, 0x0000022b6739b740, 0x0000022b673a54c0, 0x0000022b673aaa10,
0x0000022b673aebb0, 0x0000022b673b2030, 0x0000022b673b8fc0, 0x0000022b6738ebd0,
0x0000022b67393a90, 0x0000022b6739d180, 0x0000022b673c1300, 0x0000022b673c26b0,
0x0000022b673c8fb0, 0x0000022b67399670, 0x0000022b69168060, 0x0000022b69165900,
0x0000022b69167340, 0x0000022b6916e2d0, 0x0000022b69170a30, 0x0000022b6916e960,
0x0000022b69174540, 0x0000022b69179400, 0x0000022b6914a150, 0x0000022b6914c8b0,
0x0000022b6914ae70, 0x0000022b6914fd30, 0x0000022b6916d5b0, 0x0000022b69156630,
0x0000022b810f1bf0, 0x0000022b810f5700, 0x0000022b810c0870, 0x0000022b810c9240,
0x0000022b810d5db0, 0x0000022b810d3650, 0x0000022b810e2920, 0x0000022b810e8b90,
0x0000022b810e6430, 0x0000022b810e9f40, 0x0000022b689f9550, 0x0000022b689f81a0,
0x0000022b689f6df0, 0x0000022b68a00b70, 0x0000022b689fdd80, 0x0000022b68a07470,
0x0000022b68a09540, 0x0000022b68a0c330, 0x0000022b68a0b610, 0x0000022b68a0d6e0,
0x0000022b68a14d00, 0x0000022b6738f260, 0x0000022b6738cb00, 0x0000022b673a6f00,
0x0000022b673ade90, 0x0000022b673a7590, 0x0000022b673ab730, 0x0000022b673ad800,
0x0000022b6738b750, 0x0000022b67391330, 0x0000022b673a8940, 0x0000022b673a61e0,
0x0000022b673abdc0, 0x0000022b6738deb0, 0x0000022b67390ca0, 0x0000022b6738ff80,
0x0000022b67390610, 0x0000022b6738d820, 0x0000022b673947b0, 0x0000022b673954d0,
0x0000022b67395b60, 0x0000022b673926e0, 0x0000022b673961f0, 0x0000022b67392d70,
0x0000022b67393400, 0x0000022b67396f10, 0x0000022b67398950, 0x0000022b67399d00,
0x0000022b6738c470, 0x0000022b673a0c90, 0x0000022b6739ebc0, 0x0000022b6739ff70,
0x0000022b673a2040, 0x0000022b6739f250, 0x0000022b673a4e30, 0x0000022b673a3a80,
0x0000022b673a47a0, 0x0000022b673a4110, 0x0000022b673a2d60, 0x0000022b673a33f0,
0x0000022b673aa380, 0x0000022b673a8fd0, 0x0000022b673acae0, 0x0000022b673a9660,
0x0000022b673af8d0, 0x0000022b673af240, 0x0000022b673a26d0, 0x0000022b673ad170,
0x0000022b673b5b40, 0x0000022b673b26c0, 0x0000022b673b4e20, 0x0000022b673b33e0,
0x0000022b673b61d0, 0x0000022b673b6ef0, 0x0000022b673b3a70, 0x0000022b673b7580,
0x0000022b673b4100, 0x0000022b673b4790, 0x0000022b673bbdb0, 0x0000022b673b9650,
0x0000022b673bc440, 0x0000022b673bd7f0, 0x0000022b673bf230, 0x0000022b673c2020,
0x0000022b673c40f0, 0x0000022b673b82a0, 0x0000022b673baa00, 0x0000022b673ba370,
0x0000022b673bb090
}

Java Threads: ( => current thread )
  0x0000022b6bd1fc20 JavaThread "main"                              [_thread_blocked, id=2840, stack(0x000000bef2800000,0x000000bef2900000) (1024K)]
  0x0000022b7fc93430 
[error occurred during error reporting (printing all threads), id 0xc0000005, EXCEPTION_ACCESS_VIOLATION (0xc0000005) at pc=0x0000022b552dfdc0]
VM state: not at safepoint (normal execution)

VM Mutex/Monitor currently owned by a thread: None

OutOfMemory and StackOverflow Exception counts:
OutOfMemoryError java_heap_errors=1
LinkageErrors=231

Heap address: 0x0000000080000000, size: 2048 MB, Compressed Oops mode: 32-bit

CDS archive(s) mapped at: [0x0000022b0f000000-0x0000022b0fc80000-0x0000022b14150000), size 85262336, SharedBaseAddress: 0x0000022b0f000000, ArchiveRelocationMode: 1.
Compressed class space mapped at: 0x0000022b15000000-0x0000022b55000000, reserved size: 1073741824
Narrow klass base: 0x0000022b0f000000, Narrow klass shift: 0, Narrow klass range: 0x100000000

GC Precious Log:
 CardTable entry size: 512
 CPUs: 8 total, 8 available
 Memory: 7020M
 Large Page Support: Disabled
 NUMA Support: Disabled
 Compressed Oops: Enabled (32-bit)
 Alignments: Space 512K, Generation 512K, Heap 2M
 Heap Min Capacity: 100M
 Heap Initial Capacity: 100M
 Heap Max Capacity: 2G
 Pre-touch: Disabled
 Parallel Workers: 8

Heap:
 PSYoungGen      total 32768K, used 18896K [0x00000000d5580000, 0x00000000d7d80000, 0x0000000100000000)
  eden space 31232K, 55% used [0x00000000d5580000,0x00000000d667c038,0x00000000d7400000)
  from space 1536K, 97% used [0x00000000d7400000,0x00000000d7578000,0x00000000d7580000)
  to   space 2048K, 0% used [0x00000000d7b80000,0x00000000d7b80000,0x00000000d7d80000)
 ParOldGen       total 158720K, used 132284K [0x0000000080000000, 0x0000000089b00000, 0x00000000d5580000)
  object space 158720K, 83% used [0x0000000080000000,0x000000008812f378,0x0000000089b00000)
 Metaspace       used 46537K, committed 48384K, reserved 1114112K
  class space    used 4043K, committed 4992K, reserved 1048576K

Card table byte_map: [0x0000022b6b6c0000,0x0000022b6bad0000] _byte_map_base: 0x0000022b6b2c0000

Marking Bits: (ParMarkBitMap*) 0x00007fff4c413260
 Begin Bits: [0x0000022b746b0000, 0x0000022b766b0000)
 End Bits:   [0x0000022b766b0000, 0x0000022b786b0000)

Polling page: 0x0000022b69b50000

Metaspace:

Usage:
  Non-class:     41.50 MB used.
      Class:      3.95 MB used.
       Both:     45.45 MB used.

Virtual space:
  Non-class space:       64.00 MB reserved,      42.38 MB ( 66%) committed,  1 nodes.
      Class space:        1.00 GB reserved,       4.88 MB ( <1%) committed,  1 nodes.
             Both:        1.06 GB reserved,      47.25 MB (  4%) committed. 

Chunk freelists:
   Non-Class:  5.33 MB
       Class:  11.20 MB
        Both:  16.54 MB

MaxMetaspaceSize: unlimited
CompressedClassSpaceSize: 1.00 GB
Initial GC threshold: 21.00 MB
Current GC threshold: 78.75 MB
CDS: on
 - commit_granule_bytes: 65536.
 - commit_granule_words: 8192.
 - virtual_space_node_default_size: 8388608.
 - enlarge_chunks_in_place: 1.
 - use_allocation_guard: 0.


Internal statistics:

num_allocs_failed_limit: 6.
num_arena_births: 2816.
num_arena_deaths: 592.
num_vsnodes_births: 2.
num_vsnodes_deaths: 0.
num_space_committed: 756.
num_space_uncommitted: 0.
num_chunks_returned_to_freelist: 709.
num_chunks_taken_from_freelist: 6067.
num_chunk_merges: 165.
num_chunk_splits: 3309.
num_chunks_enlarged: 1537.
num_inconsistent_stats: 0.

CodeHeap 'non-profiled nmethods': size=120000Kb used=23985Kb max_used=24105Kb free=96014Kb
 bounds [0x0000022b07ad0000, 0x0000022b09270000, 0x0000022b0f000000]
CodeHeap 'profiled nmethods': size=120000Kb used=34914Kb max_used=49581Kb free=85086Kb
 bounds [0x0000022b00000000, 0x0000022b03070000, 0x0000022b07530000]
CodeHeap 'non-nmethods': size=5760Kb used=1496Kb max_used=1563Kb free=4263Kb
 bounds [0x0000022b07530000, 0x0000022b077a0000, 0x0000022b07ad0000]
 total_blobs=18068 nmethods=17259 adapters=711
 compilation: enabled
              stopped_count=0, restarted_count=0
 full_count=0

Compilation events (20 events):
Event: 2414.791 Thread 0x0000022b6bca06d0 nmethod 28664 0x0000022b08d9ec10 code [0x0000022b08d9ee00, 0x0000022b08d9f510]
Event: 2414.801 Thread 0x0000022b6bca06d0 28665       4       java.util.Date::toString (186 bytes)
Event: 2414.882 Thread 0x0000022b7a49e060 28666       1       org.gradle.cache.internal.filelock.FileLockOutcome::isLockWasAcquired (2 bytes)
Event: 2414.882 Thread 0x0000022b7a49e060 nmethod 28666 0x0000022b08d74790 code [0x0000022b08d74920, 0x0000022b08d749e8]
Event: 2414.976 Thread 0x0000022b7a49e060 28667       1       org.gradle.internal.time.ExponentialBackoff$Result$2::isSuccessful (2 bytes)
Event: 2414.976 Thread 0x0000022b7a49e060 nmethod 28667 0x0000022b08e11e90 code [0x0000022b08e12020, 0x0000022b08e120e8]
Event: 2415.008 Thread 0x0000022b7a49e060 28669       3       org.gradle.cache.internal.DefaultFileLockManager$DefaultFileLock::lockInformationRegion (15 bytes)
Event: 2415.169 Thread 0x0000022b7a49e060 nmethod 28669 0x0000022b00ad2510 code [0x0000022b00ad2720, 0x0000022b00ad2da0]
Event: 2415.169 Thread 0x0000022b7a49e060 28670       3       org.gradle.cache.internal.DefaultFileLockManager$DefaultFileLock$$Lambda/0x0000022b15287c60::<init> (15 bytes)
Event: 2415.170 Thread 0x0000022b7a49e060 nmethod 28670 0x0000022b016f8690 code [0x0000022b016f8840, 0x0000022b016f89d8]
Event: 2415.827 Thread 0x0000022b7a49e060 28671       3       org.gradle.internal.typeconversion.NotationParserBuilder::noImplicitConverters (7 bytes)
Event: 2415.928 Thread 0x0000022b7a49e060 nmethod 28671 0x0000022b008b7290 code [0x0000022b008b7420, 0x0000022b008b7530]
Event: 2415.928 Thread 0x0000022b7a49e060 28674       3       java.util.concurrent.SynchronousQueue::xfer (31 bytes)
Event: 2416.055 Thread 0x0000022b7a49e060 nmethod 28674 0x0000022b01d6da10 code [0x0000022b01d6dbe0, 0x0000022b01d6ddd8]
Event: 2418.060 Thread 0x0000022b7a49e060 28676       3       org.gradle.internal.typeconversion.NotationParserBuilder::typeDisplayName (7 bytes)
Event: 2418.264 Thread 0x0000022b7a49e060 nmethod 28676 0x0000022b00908610 code [0x0000022b009087a0, 0x0000022b009088c8]
Event: 2418.265 Thread 0x0000022b7a49e060 28677       3       org.gradle.internal.typeconversion.NotationParserBuilder::toComposite (9 bytes)
Event: 2418.265 Thread 0x0000022b7a49e060 nmethod 28677 0x0000022b01762a90 code [0x0000022b01762c40, 0x0000022b01762dc8]
Event: 2418.265 Thread 0x0000022b7a49e060 28678       3       org.gradle.internal.typeconversion.NotationParserBuilder::wrapInErrorHandling (43 bytes)
Event: 2418.588 Thread 0x0000022b7a49e060 nmethod 28678 0x0000022b003bd890 code [0x0000022b003bda60, 0x0000022b003bddc8]

GC Heap History (20 events):
Event: 2351.504 GC heap before
{Heap before GC invocations=66014 (full 6):
 PSYoungGen      total 25088K, used 25072K [0x00000000d5580000, 0x00000000d7180000, 0x0000000100000000)
  eden space 24064K, 100% used [0x00000000d5580000,0x00000000d6d00000,0x00000000d6d00000)
  from space 1024K, 98% used [0x00000000d7080000,0x00000000d717c010,0x00000000d7180000)
  to   space 2048K, 0% used [0x00000000d6d80000,0x00000000d6d80000,0x00000000d6f80000)
 ParOldGen       total 398336K, used 397894K [0x0000000080000000, 0x0000000098500000, 0x00000000d5580000)
  object space 398336K, 99% used [0x0000000080000000,0x00000000984918c0,0x0000000098500000)
 Metaspace       used 46531K, committed 48384K, reserved 1114112K
  class space    used 4046K, committed 4992K, reserved 1048576K
}
Event: 2351.511 GC heap after
{Heap after GC invocations=66014 (full 6):
 PSYoungGen      total 25600K, used 960K [0x00000000d5580000, 0x00000000d7100000, 0x0000000100000000)
  eden space 23552K, 0% used [0x00000000d5580000,0x00000000d5580000,0x00000000d6c80000)
  from space 2048K, 46% used [0x00000000d6d80000,0x00000000d6e70000,0x00000000d6f80000)
  to   space 1536K, 0% used [0x00000000d6f80000,0x00000000d6f80000,0x00000000d7100000)
 ParOldGen       total 398848K, used 398806K [0x0000000080000000, 0x0000000098580000, 0x00000000d5580000)
  object space 398848K, 99% used [0x0000000080000000,0x0000000098575a30,0x0000000098580000)
 Metaspace       used 46531K, committed 48384K, reserved 1114112K
  class space    used 4046K, committed 4992K, reserved 1048576K
}
Event: 2352.600 GC heap before
{Heap before GC invocations=66015 (full 6):
 PSYoungGen      total 25600K, used 24508K [0x00000000d5580000, 0x00000000d7100000, 0x0000000100000000)
  eden space 23552K, 99% used [0x00000000d5580000,0x00000000d6c7f190,0x00000000d6c80000)
  from space 2048K, 46% used [0x00000000d6d80000,0x00000000d6e70000,0x00000000d6f80000)
  to   space 1536K, 0% used [0x00000000d6f80000,0x00000000d6f80000,0x00000000d7100000)
 ParOldGen       total 398848K, used 398806K [0x0000000080000000, 0x0000000098580000, 0x00000000d5580000)
  object space 398848K, 99% used [0x0000000080000000,0x0000000098575a30,0x0000000098580000)
 Metaspace       used 46532K, committed 48384K, reserved 1114112K
  class space    used 4046K, committed 4992K, reserved 1048576K
}
Event: 2352.607 GC heap after
{Heap after GC invocations=66015 (full 6):
 PSYoungGen      total 24576K, used 1184K [0x00000000d5580000, 0x00000000d7100000, 0x0000000100000000)
  eden space 23040K, 0% used [0x00000000d5580000,0x00000000d5580000,0x00000000d6c00000)
  from space 1536K, 77% used [0x00000000d6f80000,0x00000000d70a8000,0x00000000d7100000)
  to   space 1536K, 0% used [0x00000000d6e00000,0x00000000d6e00000,0x00000000d6f80000)
 ParOldGen       total 399872K, used 399534K [0x0000000080000000, 0x0000000098680000, 0x00000000d5580000)
  object space 399872K, 99% used [0x0000000080000000,0x000000009862ba70,0x0000000098680000)
 Metaspace       used 46532K, committed 48384K, reserved 1114112K
  class space    used 4046K, committed 4992K, reserved 1048576K
}
Event: 2353.679 GC heap before
{Heap before GC invocations=66016 (full 6):
 PSYoungGen      total 24576K, used 24223K [0x00000000d5580000, 0x00000000d7100000, 0x0000000100000000)
  eden space 23040K, 99% used [0x00000000d5580000,0x00000000d6bfffe0,0x00000000d6c00000)
  from space 1536K, 77% used [0x00000000d6f80000,0x00000000d70a8000,0x00000000d7100000)
  to   space 1536K, 0% used [0x00000000d6e00000,0x00000000d6e00000,0x00000000d6f80000)
 ParOldGen       total 399872K, used 399534K [0x0000000080000000, 0x0000000098680000, 0x00000000d5580000)
  object space 399872K, 99% used [0x0000000080000000,0x000000009862ba70,0x0000000098680000)
 Metaspace       used 46534K, committed 48384K, reserved 1114112K
  class space    used 4046K, committed 4992K, reserved 1048576K
}
Event: 2353.709 GC heap after
{Heap after GC invocations=66016 (full 6):
 PSYoungGen      total 23552K, used 960K [0x00000000d5580000, 0x00000000d7000000, 0x0000000100000000)
  eden space 22528K, 0% used [0x00000000d5580000,0x00000000d5580000,0x00000000d6b80000)
  from space 1024K, 93% used [0x00000000d6e00000,0x00000000d6ef0000,0x00000000d6f00000)
  to   space 1024K, 0% used [0x00000000d6f00000,0x00000000d6f00000,0x00000000d7000000)
 ParOldGen       total 400896K, used 400558K [0x0000000080000000, 0x0000000098780000, 0x00000000d5580000)
  object space 400896K, 99% used [0x0000000080000000,0x000000009872bbe0,0x0000000098780000)
 Metaspace       used 46534K, committed 48384K, reserved 1114112K
  class space    used 4046K, committed 4992K, reserved 1048576K
}
Event: 2355.462 GC heap before
{Heap before GC invocations=66017 (full 6):
 PSYoungGen      total 23552K, used 23488K [0x00000000d5580000, 0x00000000d7000000, 0x0000000100000000)
  eden space 22528K, 100% used [0x00000000d5580000,0x00000000d6b80000,0x00000000d6b80000)
  from space 1024K, 93% used [0x00000000d6e00000,0x00000000d6ef0000,0x00000000d6f00000)
  to   space 1024K, 0% used [0x00000000d6f00000,0x00000000d6f00000,0x00000000d7000000)
 ParOldGen       total 400896K, used 400558K [0x0000000080000000, 0x0000000098780000, 0x00000000d5580000)
  object space 400896K, 99% used [0x0000000080000000,0x000000009872bbe0,0x0000000098780000)
 Metaspace       used 46534K, committed 48384K, reserved 1114112K
  class space    used 4046K, committed 4992K, reserved 1048576K
}
Event: 2355.668 GC heap after
{Heap after GC invocations=66017 (full 6):
 PSYoungGen      total 23040K, used 1024K [0x00000000d5580000, 0x00000000d7000000, 0x0000000100000000)
  eden space 22016K, 0% used [0x00000000d5580000,0x00000000d5580000,0x00000000d6b00000)
  from space 1024K, 100% used [0x00000000d6f00000,0x00000000d7000000,0x00000000d7000000)
  to   space 2048K, 0% used [0x00000000d6c00000,0x00000000d6c00000,0x00000000d6e00000)
 ParOldGen       total 401408K, used 401204K [0x0000000080000000, 0x0000000098800000, 0x00000000d5580000)
  object space 401408K, 99% used [0x0000000080000000,0x00000000987cd280,0x0000000098800000)
 Metaspace       used 46534K, committed 48384K, reserved 1114112K
  class space    used 4046K, committed 4992K, reserved 1048576K
}
Event: 2357.799 GC heap before
{Heap before GC invocations=66018 (full 6):
 PSYoungGen      total 23040K, used 23033K [0x00000000d5580000, 0x00000000d7000000, 0x0000000100000000)
  eden space 22016K, 99% used [0x00000000d5580000,0x00000000d6afe578,0x00000000d6b00000)
  from space 1024K, 100% used [0x00000000d6f00000,0x00000000d7000000,0x00000000d7000000)
  to   space 2048K, 0% used [0x00000000d6c00000,0x00000000d6c00000,0x00000000d6e00000)
 ParOldGen       total 401408K, used 401204K [0x0000000080000000, 0x0000000098800000, 0x00000000d5580000)
  object space 401408K, 99% used [0x0000000080000000,0x00000000987cd280,0x0000000098800000)
 Metaspace       used 46534K, committed 48384K, reserved 1114112K
  class space    used 4046K, committed 4992K, reserved 1048576K
}
Event: 2362.276 GC heap after
{Heap after GC invocations=66018 (full 6):
 PSYoungGen      total 23040K, used 23033K [0x00000000d5580000, 0x00000000d7000000, 0x0000000100000000)
  eden space 22016K, 99% used [0x00000000d5580000,0x00000000d6afe578,0x00000000d6b00000)
  from space 1024K, 100% used [0x00000000d6f00000,0x00000000d7000000,0x00000000d7000000)
  to   space 2048K, 52% used [0x00000000d6c00000,0x00000000d6d0c010,0x00000000d6e00000)
 ParOldGen       total 402432K, used 402068K [0x0000000080000000, 0x0000000098900000, 0x00000000d5580000)
  object space 402432K, 99% used [0x0000000080000000,0x00000000988a5350,0x0000000098900000)
 Metaspace       used 46534K, committed 48384K, reserved 1114112K
  class space    used 4046K, committed 4992K, reserved 1048576K
}
Event: 2362.276 GC heap before
{Heap before GC invocations=66019 (full 7):
 PSYoungGen      total 23040K, used 23033K [0x00000000d5580000, 0x00000000d7000000, 0x0000000100000000)
  eden space 22016K, 99% used [0x00000000d5580000,0x00000000d6afe578,0x00000000d6b00000)
  from space 1024K, 100% used [0x00000000d6f00000,0x00000000d7000000,0x00000000d7000000)
  to   space 2048K, 52% used [0x00000000d6c00000,0x00000000d6d0c010,0x00000000d6e00000)
 ParOldGen       total 402432K, used 402068K [0x0000000080000000, 0x0000000098900000, 0x00000000d5580000)
  object space 402432K, 99% used [0x0000000080000000,0x00000000988a5350,0x0000000098900000)
 Metaspace       used 46534K, committed 48384K, reserved 1114112K
  class space    used 4046K, committed 4992K, reserved 1048576K
}
Event: 2412.082 GC heap after
{Heap after GC invocations=66019 (full 7):
 PSYoungGen      total 25088K, used 0K [0x00000000d5580000, 0x00000000d7300000, 0x0000000100000000)
  eden space 23040K, 0% used [0x00000000d5580000,0x00000000d5580000,0x00000000d6c00000)
  from space 2048K, 0% used [0x00000000d6c00000,0x00000000d6c00000,0x00000000d6e00000)
  to   space 2048K, 0% used [0x00000000d7100000,0x00000000d7100000,0x00000000d7300000)
 ParOldGen       total 158720K, used 129640K [0x0000000080000000, 0x0000000089b00000, 0x00000000d5580000)
  object space 158720K, 81% used [0x0000000080000000,0x0000000087e9a0f8,0x0000000089b00000)
 Metaspace       used 46525K, committed 48384K, reserved 1114112K
  class space    used 4043K, committed 4992K, reserved 1048576K
}
Event: 2413.016 GC heap before
{Heap before GC invocations=66020 (full 7):
 PSYoungGen      total 25088K, used 23039K [0x00000000d5580000, 0x00000000d7300000, 0x0000000100000000)
  eden space 23040K, 99% used [0x00000000d5580000,0x00000000d6bfff28,0x00000000d6c00000)
  from space 2048K, 0% used [0x00000000d6c00000,0x00000000d6c00000,0x00000000d6e00000)
  to   space 2048K, 0% used [0x00000000d7100000,0x00000000d7100000,0x00000000d7300000)
 ParOldGen       total 158720K, used 129640K [0x0000000080000000, 0x0000000089b00000, 0x00000000d5580000)
  object space 158720K, 81% used [0x0000000080000000,0x0000000087e9a0f8,0x0000000089b00000)
 Metaspace       used 46532K, committed 48384K, reserved 1114112K
  class space    used 4043K, committed 4992K, reserved 1048576K
}
Event: 2413.025 GC heap after
{Heap after GC invocations=66020 (full 7):
 PSYoungGen      total 28160K, used 1088K [0x00000000d5580000, 0x00000000d7280000, 0x0000000100000000)
  eden space 26624K, 0% used [0x00000000d5580000,0x00000000d5580000,0x00000000d6f80000)
  from space 1536K, 70% used [0x00000000d7100000,0x00000000d7210000,0x00000000d7280000)
  to   space 1536K, 0% used [0x00000000d6f80000,0x00000000d6f80000,0x00000000d7100000)
 ParOldGen       total 158720K, used 129648K [0x0000000080000000, 0x0000000089b00000, 0x00000000d5580000)
  object space 158720K, 81% used [0x0000000080000000,0x0000000087e9c0f8,0x0000000089b00000)
 Metaspace       used 46532K, committed 48384K, reserved 1114112K
  class space    used 4043K, committed 4992K, reserved 1048576K
}
Event: 2413.572 GC heap before
{Heap before GC invocations=66021 (full 7):
 PSYoungGen      total 28160K, used 27712K [0x00000000d5580000, 0x00000000d7280000, 0x0000000100000000)
  eden space 26624K, 100% used [0x00000000d5580000,0x00000000d6f80000,0x00000000d6f80000)
  from space 1536K, 70% used [0x00000000d7100000,0x00000000d7210000,0x00000000d7280000)
  to   space 1536K, 0% used [0x00000000d6f80000,0x00000000d6f80000,0x00000000d7100000)
 ParOldGen       total 158720K, used 129648K [0x0000000080000000, 0x0000000089b00000, 0x00000000d5580000)
  object space 158720K, 81% used [0x0000000080000000,0x0000000087e9c0f8,0x0000000089b00000)
 Metaspace       used 46533K, committed 48384K, reserved 1114112K
  class space    used 4043K, committed 4992K, reserved 1048576K
}
Event: 2413.762 GC heap after
{Heap after GC invocations=66021 (full 7):
 PSYoungGen      total 28160K, used 1216K [0x00000000d5580000, 0x00000000d7700000, 0x0000000100000000)
  eden space 26624K, 0% used [0x00000000d5580000,0x00000000d5580000,0x00000000d6f80000)
  from space 1536K, 79% used [0x00000000d6f80000,0x00000000d70b0000,0x00000000d7100000)
  to   space 1536K, 0% used [0x00000000d7580000,0x00000000d7580000,0x00000000d7700000)
 ParOldGen       total 158720K, used 130492K [0x0000000080000000, 0x0000000089b00000, 0x00000000d5580000)
  object space 158720K, 82% used [0x0000000080000000,0x0000000087f6f228,0x0000000089b00000)
 Metaspace       used 46533K, committed 48384K, reserved 1114112K
  class space    used 4043K, committed 4992K, reserved 1048576K
}
Event: 2414.462 GC heap before
{Heap before GC invocations=66022 (full 7):
 PSYoungGen      total 28160K, used 27839K [0x00000000d5580000, 0x00000000d7700000, 0x0000000100000000)
  eden space 26624K, 99% used [0x00000000d5580000,0x00000000d6f7fff8,0x00000000d6f80000)
  from space 1536K, 79% used [0x00000000d6f80000,0x00000000d70b0000,0x00000000d7100000)
  to   space 1536K, 0% used [0x00000000d7580000,0x00000000d7580000,0x00000000d7700000)
 ParOldGen       total 158720K, used 130492K [0x0000000080000000, 0x0000000089b00000, 0x00000000d5580000)
  object space 158720K, 82% used [0x0000000080000000,0x0000000087f6f228,0x0000000089b00000)
 Metaspace       used 46533K, committed 48384K, reserved 1114112K
  class space    used 4043K, committed 4992K, reserved 1048576K
}
Event: 2414.780 GC heap after
{Heap after GC invocations=66022 (full 7):
 PSYoungGen      total 32768K, used 1024K [0x00000000d5580000, 0x00000000d7700000, 0x0000000100000000)
  eden space 31232K, 0% used [0x00000000d5580000,0x00000000d5580000,0x00000000d7400000)
  from space 1536K, 66% used [0x00000000d7580000,0x00000000d7680000,0x00000000d7700000)
  to   space 1536K, 0% used [0x00000000d7400000,0x00000000d7400000,0x00000000d7580000)
 ParOldGen       total 158720K, used 131432K [0x0000000080000000, 0x0000000089b00000, 0x00000000d5580000)
  object space 158720K, 82% used [0x0000000080000000,0x000000008805a2f8,0x0000000089b00000)
 Metaspace       used 46533K, committed 48384K, reserved 1114112K
  class space    used 4043K, committed 4992K, reserved 1048576K
}
Event: 2416.505 GC heap before
{Heap before GC invocations=66023 (full 7):
 PSYoungGen      total 32768K, used 32255K [0x00000000d5580000, 0x00000000d7700000, 0x0000000100000000)
  eden space 31232K, 99% used [0x00000000d5580000,0x00000000d73ffee8,0x00000000d7400000)
  from space 1536K, 66% used [0x00000000d7580000,0x00000000d7680000,0x00000000d7700000)
  to   space 1536K, 0% used [0x00000000d7400000,0x00000000d7400000,0x00000000d7580000)
 ParOldGen       total 158720K, used 131432K [0x0000000080000000, 0x0000000089b00000, 0x00000000d5580000)
  object space 158720K, 82% used [0x0000000080000000,0x000000008805a2f8,0x0000000089b00000)
 Metaspace       used 46533K, committed 48384K, reserved 1114112K
  class space    used 4043K, committed 4992K, reserved 1048576K
}
Event: 2416.900 GC heap after
{Heap after GC invocations=66023 (full 7):
 PSYoungGen      total 32768K, used 1504K [0x00000000d5580000, 0x00000000d7d80000, 0x0000000100000000)
  eden space 31232K, 0% used [0x00000000d5580000,0x00000000d5580000,0x00000000d7400000)
  from space 1536K, 97% used [0x00000000d7400000,0x00000000d7578000,0x00000000d7580000)
  to   space 2048K, 0% used [0x00000000d7b80000,0x00000000d7b80000,0x00000000d7d80000)
 ParOldGen       total 158720K, used 132284K [0x0000000080000000, 0x0000000089b00000, 0x00000000d5580000)
  object space 158720K, 83% used [0x0000000080000000,0x000000008812f378,0x0000000089b00000)
 Metaspace       used 46533K, committed 48384K, reserved 1114112K
  class space    used 4043K, committed 4992K, reserved 1048576K
}

Dll operation events (16 events):
Event: 0.114 Loaded shared library C:\Program Files\Eclipse Adoptium\jdk-21.0.6.7-hotspot\bin\java.dll
Event: 0.625 Loaded shared library C:\Program Files\Eclipse Adoptium\jdk-21.0.6.7-hotspot\bin\jsvml.dll
Event: 0.874 Loaded shared library C:\Program Files\Eclipse Adoptium\jdk-21.0.6.7-hotspot\bin\zip.dll
Event: 0.881 Loaded shared library C:\Program Files\Eclipse Adoptium\jdk-21.0.6.7-hotspot\bin\instrument.dll
Event: 0.894 Loaded shared library C:\Program Files\Eclipse Adoptium\jdk-21.0.6.7-hotspot\bin\net.dll
Event: 0.938 Loaded shared library C:\Program Files\Eclipse Adoptium\jdk-21.0.6.7-hotspot\bin\nio.dll
Event: 0.948 Loaded shared library C:\Program Files\Eclipse Adoptium\jdk-21.0.6.7-hotspot\bin\zip.dll
Event: 0.982 Loaded shared library C:\Program Files\Eclipse Adoptium\jdk-21.0.6.7-hotspot\bin\jimage.dll
Event: 1.893 Loaded shared library C:\Program Files\Eclipse Adoptium\jdk-21.0.6.7-hotspot\bin\verify.dll
Event: 8.908 Loaded shared library C:\Users\SBS\AppData\Roaming\Code\User\globalStorage\redhat.java\1.56.2026081508\config_win\org.eclipse.equinox.launcher\org.eclipse.equinox.launcher.win32.win32.x86_64_1.3.100.v20260804-1928\eclipse_11924.dll
Event: 13.858 Loaded shared library C:\Users\SBS\AppData\Local\Temp\jna-81892\jna603516344589411000.dll
Event: 27.240 Loaded shared library C:\Users\SBS\.gradle\native\1def1411415f61bf3af743bc5b6707747c0891f09f0c88961ee8f79bc544acac\windows-amd64\native-platform.dll
Event: 30.759 Loaded shared library C:\Program Files\Eclipse Adoptium\jdk-21.0.6.7-hotspot\bin\management.dll
Event: 30.764 Loaded shared library C:\Program Files\Eclipse Adoptium\jdk-21.0.6.7-hotspot\bin\management_ext.dll
Event: 31.401 Loaded shared library C:\Program Files\Eclipse Adoptium\jdk-21.0.6.7-hotspot\bin\sunmscapi.dll
Event: 31.491 Loaded shared library C:\Program Files\Eclipse Adoptium\jdk-21.0.6.7-hotspot\bin\extnet.dll

Deoptimization events (20 events):
Event: 2412.521 Thread 0x0000022b689fbcb0 Uncommon trap: trap_request=0xffffffde fr.pc=0x0000022b08537d2c relative=0x0000000000000e6c
Event: 2412.521 Thread 0x0000022b689fbcb0 Uncommon trap: reason=class_check action=maybe_recompile pc=0x0000022b08537d2c method=org.gradle.internal.remote.internal.inet.MultiChoiceAddressSerializer.write(Lorg/gradle/internal/serialize/Encoder;Lorg/gradle/internal/remote/internal/inet/MultiChoiceA
Event: 2412.521 Thread 0x0000022b689fbcb0 DEOPT PACKING pc=0x0000022b08537d2c sp=0x000000bf204fdcf0
Event: 2412.521 Thread 0x0000022b689fbcb0 DEOPT UNPACKING pc=0x0000022b07583aa2 sp=0x000000bf204fdca0 mode 2
Event: 2412.817 Thread 0x0000022b689f60d0 Uncommon trap: trap_request=0xffffffde fr.pc=0x0000022b08537d2c relative=0x0000000000000e6c
Event: 2412.817 Thread 0x0000022b689f60d0 Uncommon trap: reason=class_check action=maybe_recompile pc=0x0000022b08537d2c method=org.gradle.internal.remote.internal.inet.MultiChoiceAddressSerializer.write(Lorg/gradle/internal/serialize/Encoder;Lorg/gradle/internal/remote/internal/inet/MultiChoiceA
Event: 2412.817 Thread 0x0000022b689f60d0 DEOPT PACKING pc=0x0000022b08537d2c sp=0x000000bf1fafdad0
Event: 2412.817 Thread 0x0000022b689f60d0 DEOPT UNPACKING pc=0x0000022b07583aa2 sp=0x000000bf1fafda80 mode 2
Event: 2412.852 Thread 0x0000022b6916c200 Uncommon trap: trap_request=0xffffffde fr.pc=0x0000022b08537d2c relative=0x0000000000000e6c
Event: 2412.852 Thread 0x0000022b6916c200 Uncommon trap: reason=class_check action=maybe_recompile pc=0x0000022b08537d2c method=org.gradle.internal.remote.internal.inet.MultiChoiceAddressSerializer.write(Lorg/gradle/internal/serialize/Encoder;Lorg/gradle/internal/remote/internal/inet/MultiChoiceA
Event: 2412.852 Thread 0x0000022b6916c200 DEOPT PACKING pc=0x0000022b08537d2c sp=0x000000bf1a0fdb30
Event: 2412.854 Thread 0x0000022b6916c200 DEOPT UNPACKING pc=0x0000022b07583aa2 sp=0x000000bf1a0fdae0 mode 2
Event: 2412.985 Thread 0x0000022b689fc9d0 Uncommon trap: trap_request=0xffffffde fr.pc=0x0000022b08537d2c relative=0x0000000000000e6c
Event: 2412.985 Thread 0x0000022b689fc9d0 Uncommon trap: reason=class_check action=maybe_recompile pc=0x0000022b08537d2c method=org.gradle.internal.remote.internal.inet.MultiChoiceAddressSerializer.write(Lorg/gradle/internal/serialize/Encoder;Lorg/gradle/internal/remote/internal/inet/MultiChoiceA
Event: 2412.985 Thread 0x0000022b689fc9d0 DEOPT PACKING pc=0x0000022b08537d2c sp=0x000000bf201fd7a0
Event: 2412.985 Thread 0x0000022b689fc9d0 DEOPT UNPACKING pc=0x0000022b07583aa2 sp=0x000000bf201fd750 mode 2
Event: 2427.343 Thread 0x0000022b65c9bb80 DEOPT PACKING pc=0x0000022b0116ce40 sp=0x000000bec46fe280
Event: 2427.343 Thread 0x0000022b65c9bb80 DEOPT UNPACKING pc=0x0000022b07584242 sp=0x000000bec46fd738 mode 0
Event: 2439.737 Thread 0x0000022b61f03260 DEOPT PACKING pc=0x0000022b0229b1b2 sp=0x000000befefff130
Event: 2439.737 Thread 0x0000022b61f03260 DEOPT UNPACKING pc=0x0000022b07584242 sp=0x000000befeffe608 mode 0

Classes loaded (20 events):
Event: 1536.938 Loading class sun/misc/SharedSecrets
Event: 1536.938 Loading class sun/misc/SharedSecrets done
Event: 1563.109 Loading class jdk/internal/module/IllegalAccessLogger
Event: 1563.109 Loading class jdk/internal/module/IllegalAccessLogger done
Event: 1566.280 Loading class jdk/internal/module/IllegalAccessLogger
Event: 1566.280 Loading class jdk/internal/module/IllegalAccessLogger done
Event: 1786.913 Loading class sun/net/ConnectionResetException
Event: 1786.915 Loading class sun/net/ConnectionResetException done
Event: 1786.918 Loading class javax/crypto/AEADBadTagException
Event: 1786.920 Loading class javax/crypto/AEADBadTagException done
Event: 1786.920 Loading class javax/net/ssl/SSLHandshakeException
Event: 1786.922 Loading class javax/net/ssl/SSLException
Event: 1786.922 Loading class javax/net/ssl/SSLException done
Event: 1786.922 Loading class javax/net/ssl/SSLHandshakeException done
Event: 2159.512 Loading class com/sun/org/apache/xerces/internal/xni/grammars/XMLGrammarPool
Event: 2159.530 Loading class com/sun/org/apache/xerces/internal/xni/grammars/XMLGrammarPool done
Event: 2287.169 Loading class sun/net/util/SocketExceptions
Event: 2287.171 Loading class sun/net/util/SocketExceptions done
Event: 2317.517 Loading class java/util/zip/DataFormatException
Event: 2317.519 Loading class java/util/zip/DataFormatException done

Classes unloaded (20 events):
Event: 2197.505 Thread 0x0000022b6bc91d70 Unloading class 0x0000022b1500c800 'java/lang/invoke/LambdaForm$MH+0x0000022b1500c800'
Event: 2197.505 Thread 0x0000022b6bc91d70 Unloading class 0x0000022b15007c00 'java/lang/invoke/LambdaForm$MH+0x0000022b15007c00'
Event: 2197.505 Thread 0x0000022b6bc91d70 Unloading class 0x0000022b15007800 'java/lang/invoke/LambdaForm$MH+0x0000022b15007800'
Event: 2197.505 Thread 0x0000022b6bc91d70 Unloading class 0x0000022b15007400 'java/lang/invoke/LambdaForm$MH+0x0000022b15007400'
Event: 2197.505 Thread 0x0000022b6bc91d70 Unloading class 0x0000022b15007000 'java/lang/invoke/LambdaForm$MH+0x0000022b15007000'
Event: 2197.505 Thread 0x0000022b6bc91d70 Unloading class 0x0000022b15004c00 'java/lang/invoke/LambdaForm$MH+0x0000022b15004c00'
Event: 2197.505 Thread 0x0000022b6bc91d70 Unloading class 0x0000022b15004800 'java/lang/invoke/LambdaForm$MH+0x0000022b15004800'
Event: 2197.506 Thread 0x0000022b6bc91d70 Unloading class 0x0000022b15004400 'java/lang/invoke/LambdaForm$MH+0x0000022b15004400'
Event: 2197.506 Thread 0x0000022b6bc91d70 Unloading class 0x0000022b15004000 'java/lang/invoke/LambdaForm$MH+0x0000022b15004000'
Event: 2197.506 Thread 0x0000022b6bc91d70 Unloading class 0x0000022b15003c00 'java/lang/invoke/LambdaForm$MH+0x0000022b15003c00'
Event: 2197.506 Thread 0x0000022b6bc91d70 Unloading class 0x0000022b15003800 'java/lang/invoke/LambdaForm$MH+0x0000022b15003800'
Event: 2197.506 Thread 0x0000022b6bc91d70 Unloading class 0x0000022b15003400 'java/lang/invoke/LambdaForm$MH+0x0000022b15003400'
Event: 2197.506 Thread 0x0000022b6bc91d70 Unloading class 0x0000022b15001c00 'java/lang/invoke/LambdaForm$MH+0x0000022b15001c00'
Event: 2197.506 Thread 0x0000022b6bc91d70 Unloading class 0x0000022b15001800 'java/lang/invoke/LambdaForm$MH+0x0000022b15001800'
Event: 2197.506 Thread 0x0000022b6bc91d70 Unloading class 0x0000022b15001000 'java/lang/invoke/LambdaForm$MH+0x0000022b15001000'
Event: 2378.410 Thread 0x0000022b6bc91d70 Unloading class 0x0000022b15015800 'java/lang/invoke/LambdaForm$MH+0x0000022b15015800'
Event: 2378.410 Thread 0x0000022b6bc91d70 Unloading class 0x0000022b15014800 'java/lang/invoke/LambdaForm$MH+0x0000022b15014800'
Event: 2378.411 Thread 0x0000022b6bc91d70 Unloading class 0x0000022b15014400 'java/lang/invoke/LambdaForm$MH+0x0000022b15014400'
Event: 2378.411 Thread 0x0000022b6bc91d70 Unloading class 0x0000022b15011c00 'java/lang/invoke/LambdaForm$MH+0x0000022b15011c00'
Event: 2378.411 Thread 0x0000022b6bc91d70 Unloading class 0x0000022b15011400 'java/lang/invoke/LambdaForm$MH+0x0000022b15011400'

Classes redefined (0 events):
No events

Internal exceptions (20 events):
Event: 2412.473 Thread 0x0000022b62b0e9e0 Exception <a 'java/io/IOException'{0x00000000d61bb270}> (0x00000000d61bb270) 
thrown [s\src\hotspot\share\prims\jni.cpp, line 520]
Event: 2412.473 Thread 0x0000022b62b0e9e0 Exception <a 'java/io/IOException'{0x00000000d61bb890}> (0x00000000d61bb890) 
thrown [s\src\hotspot\share\prims\jni.cpp, line 520]
Event: 2412.474 Thread 0x0000022b66a6a6c0 Exception <a 'java/io/IOException'{0x00000000d60f18f0}> (0x00000000d60f18f0) 
thrown [s\src\hotspot\share\prims\jni.cpp, line 520]
Event: 2412.474 Thread 0x0000022b66a6a6c0 Exception <a 'java/io/IOException'{0x00000000d61bea18}> (0x00000000d61bea18) 
thrown [s\src\hotspot\share\prims\jni.cpp, line 520]
Event: 2412.474 Thread 0x0000022b66a6a6c0 Exception <a 'java/io/IOException'{0x00000000d61bf038}> (0x00000000d61bf038) 
thrown [s\src\hotspot\share\prims\jni.cpp, line 520]
Event: 2412.480 Thread 0x0000022b654ef630 Exception <a 'java/io/IOException'{0x00000000d5fc5a68}> (0x00000000d5fc5a68) 
thrown [s\src\hotspot\share\prims\jni.cpp, line 520]
Event: 2412.480 Thread 0x0000022b654ef630 Exception <a 'java/io/IOException'{0x00000000d61dd128}> (0x00000000d61dd128) 
thrown [s\src\hotspot\share\prims\jni.cpp, line 520]
Event: 2412.480 Thread 0x0000022b654ef630 Exception <a 'java/io/IOException'{0x00000000d61dd748}> (0x00000000d61dd748) 
thrown [s\src\hotspot\share\prims\jni.cpp, line 520]
Event: 2412.874 Thread 0x0000022b64f4dff0 Exception <a 'sun/nio/fs/WindowsException'{0x00000000d69529b0}> (0x00000000d69529b0) 
thrown [s\src\hotspot\share\prims\jni.cpp, line 520]
Event: 2412.875 Thread 0x0000022b64f4dff0 Exception <a 'sun/nio/fs/WindowsException'{0x00000000d6952e80}> (0x00000000d6952e80) 
thrown [s\src\hotspot\share\prims\jni.cpp, line 520]
Event: 2420.023 Thread 0x0000022b673c05e0 Exception <a 'java/io/IOException'{0x00000000d58e04e0}: CreateProcess error=1455, Le fichier de pagination est insuffisant pour terminer cette opération> (0x00000000d58e04e0) 
thrown [s\src\hotspot\share\prims\jni.cpp, line 539]
Event: 2420.476 Thread 0x0000022b65aa39f0 Exception <a 'sun/nio/fs/WindowsException'{0x00000000d5a7c9c8}> (0x00000000d5a7c9c8) 
thrown [s\src\hotspot\share\prims\jni.cpp, line 520]
Event: 2425.059 Thread 0x0000022b65aa39f0 Exception <a 'java/io/IOException'{0x00000000d5b0a330}> (0x00000000d5b0a330) 
thrown [s\src\hotspot\share\prims\jni.cpp, line 520]
Event: 2425.059 Thread 0x0000022b65aa39f0 Exception <a 'java/io/IOException'{0x00000000d5b0de68}> (0x00000000d5b0de68) 
thrown [s\src\hotspot\share\prims\jni.cpp, line 520]
Event: 2425.059 Thread 0x0000022b65aa39f0 Exception <a 'java/io/IOException'{0x00000000d5b0e488}> (0x00000000d5b0e488) 
thrown [s\src\hotspot\share\prims\jni.cpp, line 520]
Event: 2427.342 Thread 0x0000022b65c9bb80 Exception <a 'sun/nio/fs/WindowsException'{0x00000000d5c137c0}> (0x00000000d5c137c0) 
thrown [s\src\hotspot\share\prims\jni.cpp, line 520]
Event: 2427.344 Thread 0x0000022b65c9bb80 Exception <a 'java/io/IOException'{0x00000000d5c28500}> (0x00000000d5c28500) 
thrown [s\src\hotspot\share\prims\jni.cpp, line 520]
Event: 2427.344 Thread 0x0000022b65c9bb80 Exception <a 'java/io/IOException'{0x00000000d5c28da0}> (0x00000000d5c28da0) 
thrown [s\src\hotspot\share\prims\jni.cpp, line 520]
Event: 2427.344 Thread 0x0000022b65c9bb80 Exception <a 'java/io/IOException'{0x00000000d5c293c0}> (0x00000000d5c293c0) 
thrown [s\src\hotspot\share\prims\jni.cpp, line 520]
Event: 2435.037 Thread 0x0000022b65c9bb80 Exception <a 'java/lang/OutOfMemoryError'{0x00000000d5c835e0}: unable to create native thread: possibly out of memory or process/resource limits reached> (0x00000000d5c835e0) 
thrown [s\src\hotspot\share\prims\jvm.cpp, line 3013]

ZGC Phase Switch (0 events):
No events

VM Operations (20 events):
Event: 2353.679 Executing VM operation: ParallelGCFailedAllocation (Allocation Failure)
Event: 2353.709 Executing VM operation: ParallelGCFailedAllocation (Allocation Failure) done
Event: 2355.273 Executing VM operation: ParallelGCFailedAllocation (Allocation Failure)
Event: 2355.672 Executing VM operation: ParallelGCFailedAllocation (Allocation Failure) done
Event: 2356.689 Executing VM operation: Cleanup
Event: 2356.966 Executing VM operation: Cleanup done
Event: 2357.730 Executing VM operation: ParallelGCFailedAllocation (Allocation Failure)
Event: 2412.096 Executing VM operation: ParallelGCFailedAllocation (Allocation Failure) done
Event: 2412.212 Executing VM operation: HandshakeAllThreads (HandshakeForDeflation)
Event: 2412.335 Executing VM operation: HandshakeAllThreads (HandshakeForDeflation) done
Event: 2412.335 Executing VM operation: RendezvousGCThreads
Event: 2412.335 Executing VM operation: RendezvousGCThreads done
Event: 2413.006 Executing VM operation: ParallelGCFailedAllocation (Allocation Failure)
Event: 2413.025 Executing VM operation: ParallelGCFailedAllocation (Allocation Failure) done
Event: 2413.484 Executing VM operation: ParallelGCFailedAllocation (Allocation Failure)
Event: 2413.766 Executing VM operation: ParallelGCFailedAllocation (Allocation Failure) done
Event: 2414.065 Executing VM operation: ParallelGCFailedAllocation (Allocation Failure)
Event: 2414.785 Executing VM operation: ParallelGCFailedAllocation (Allocation Failure) done
Event: 2416.373 Executing VM operation: ParallelGCFailedAllocation (Allocation Failure)
Event: 2416.904 Executing VM operation: ParallelGCFailedAllocation (Allocation Failure) done

Memory protections (0 events):
No events

Nmethod flushes (20 events):
Event: 2410.137 Thread 0x0000022b6bc91d70 flushing  nmethod 0x0000022b0278ff90
Event: 2410.137 Thread 0x0000022b6bc91d70 flushing  nmethod 0x0000022b027b2a90
Event: 2410.137 Thread 0x0000022b6bc91d70 flushing  nmethod 0x0000022b027d0690
Event: 2410.137 Thread 0x0000022b6bc91d70 flushing  nmethod 0x0000022b02836610
Event: 2410.137 Thread 0x0000022b6bc91d70 flushing  nmethod 0x0000022b02844b10
Event: 2410.137 Thread 0x0000022b6bc91d70 flushing  nmethod 0x0000022b028c2590
Event: 2410.137 Thread 0x0000022b6bc91d70 flushing  nmethod 0x0000022b02948390
Event: 2410.137 Thread 0x0000022b6bc91d70 flushing  nmethod 0x0000022b02958910
Event: 2410.137 Thread 0x0000022b6bc91d70 flushing  nmethod 0x0000022b02993090
Event: 2410.137 Thread 0x0000022b6bc91d70 flushing  nmethod 0x0000022b029c3090
Event: 2410.138 Thread 0x0000022b6bc91d70 flushing  nmethod 0x0000022b02a04010
Event: 2410.138 Thread 0x0000022b6bc91d70 flushing  nmethod 0x0000022b02a4f910
Event: 2410.138 Thread 0x0000022b6bc91d70 flushing  nmethod 0x0000022b02ac1710
Event: 2410.138 Thread 0x0000022b6bc91d70 flushing  nmethod 0x0000022b02ac5890
Event: 2410.139 Thread 0x0000022b6bc91d70 flushing  nmethod 0x0000022b02b0a310
Event: 2410.140 Thread 0x0000022b6bc91d70 flushing  nmethod 0x0000022b02baa410
Event: 2410.140 Thread 0x0000022b6bc91d70 flushing  nmethod 0x0000022b02bb3290
Event: 2410.140 Thread 0x0000022b6bc91d70 flushing  nmethod 0x0000022b02bb9410
Event: 2410.140 Thread 0x0000022b6bc91d70 flushing  nmethod 0x0000022b02bde690
Event: 2410.141 Thread 0x0000022b6bc91d70 flushing  nmethod 0x0000022b02be9f90

Events (20 events):
Event: 2415.655 Thread 0x0000022b673c0c70 Thread added: 0x0000022b673c05e0
Event: 2415.655 Thread 0x0000022b673c0c70 Thread added: 0x0000022b673bff50
Event: 2415.656 Thread 0x0000022b673c05e0 Thread exited: 0x0000022b673c05e0
Event: 2415.828 Thread 0x0000022b68a0e400 Thread added: 0x0000022b673c3a60
Event: 2415.833 Thread 0x0000022b673c3a60 Thread added: 0x0000022b673c05e0
Event: 2415.834 Thread 0x0000022b673c3a60 Thread added: 0x0000022b673c61c0
Event: 2415.834 Thread 0x0000022b673c05e0 Thread exited: 0x0000022b673c05e0
Event: 2418.061 Thread 0x0000022b68a0d050 Thread added: 0x0000022b673c05e0
Event: 2420.025 Thread 0x0000022b673c05e0 Thread exited: 0x0000022b673c05e0
Event: 2420.025 Thread 0x0000022b810bfb50 Thread exited: 0x0000022b810bfb50
Event: 2420.414 Thread 0x0000022b68a0d050 Thread exited: 0x0000022b68a0d050
Event: 2425.059 Thread 0x0000022b68a07b00 Thread added: 0x0000022b673c05e0
Event: 2425.065 Thread 0x0000022b65aa39f0 Thread added: 0x0000022b673c40f0
Event: 2425.066 Thread 0x0000022b673c05e0 Thread added: 0x0000022b673c5b30
Event: 2425.067 Thread 0x0000022b673c05e0 Thread added: 0x0000022b673c4e10
Event: 2425.067 Thread 0x0000022b673c5b30 Thread exited: 0x0000022b673c5b30
Event: 2427.154 Thread 0x0000022b673c05e0 Thread exited: 0x0000022b673c05e0
Event: 2427.154 Thread 0x0000022b810bb9b0 Thread exited: 0x0000022b810bb9b0
Event: 2427.342 Thread 0x0000022b673c4e10 Thread exited: 0x0000022b673c4e10
Event: 2427.342 Thread 0x0000022b68a07b00 Thread exited: 0x0000022b68a07b00


Dynamic libraries:
0x00007ff6bb390000 - 0x00007ff6bb39e000 	C:\Program Files\Eclipse Adoptium\jdk-21.0.6.7-hotspot\bin\java.exe
0x00007fffe6980000 - 0x00007fffe6be6000 	C:\WINDOWS\SYSTEM32\ntdll.dll
0x00007fffe5cf0000 - 0x00007fffe5db9000 	C:\WINDOWS\System32\KERNEL32.DLL
0x00007fffe3db0000 - 0x00007fffe41af000 	C:\WINDOWS\System32\KERNELBASE.dll
0x00007fffe3b90000 - 0x00007fffe3cdc000 	C:\WINDOWS\System32\ucrtbase.dll
0x00007fffc1050000 - 0x00007fffc1068000 	C:\Program Files\Eclipse Adoptium\jdk-21.0.6.7-hotspot\bin\jli.dll
0x00007fffe52d0000 - 0x00007fffe5496000 	C:\WINDOWS\System32\USER32.dll
0x00007fffe44a0000 - 0x00007fffe44c7000 	C:\WINDOWS\System32\win32u.dll
0x00007fffe5cb0000 - 0x00007fffe5cdb000 	C:\WINDOWS\System32\GDI32.dll
0x00007fffe44d0000 - 0x00007fffe45f9000 	C:\WINDOWS\System32\gdi32full.dll
0x00007fffe4600000 - 0x00007fffe46a3000 	C:\WINDOWS\System32\msvcp_win.dll
0x00007fffbb400000 - 0x00007fffbb41e000 	C:\Program Files\Eclipse Adoptium\jdk-21.0.6.7-hotspot\bin\VCRUNTIME140.dll
0x00007fffceff0000 - 0x00007fffcf281000 	C:\WINDOWS\WinSxS\amd64_microsoft.windows.common-controls_6595b64144ccf1df_6.0.26100.8972_none_3e0da176e32f9d4b\COMCTL32.dll
0x00007fffe6270000 - 0x00007fffe6319000 	C:\WINDOWS\System32\msvcrt.dll
0x00007fffe5530000 - 0x00007fffe5562000 	C:\WINDOWS\System32\IMM32.DLL
0x00007fffbb0a0000 - 0x00007fffbb0ac000 	C:\Program Files\Eclipse Adoptium\jdk-21.0.6.7-hotspot\bin\vcruntime140_1.dll
0x00007fffbaf90000 - 0x00007fffbb01d000 	C:\Program Files\Eclipse Adoptium\jdk-21.0.6.7-hotspot\bin\msvcp140.dll
0x00007fff4b760000 - 0x00007fff4c4f0000 	C:\Program Files\Eclipse Adoptium\jdk-21.0.6.7-hotspot\bin\server\jvm.dll
0x00007fffe47d0000 - 0x00007fffe488c000 	C:\WINDOWS\System32\ADVAPI32.dll
0x00007fffe5570000 - 0x00007fffe561a000 	C:\WINDOWS\System32\sechost.dll
0x00007fffe46b0000 - 0x00007fffe47c8000 	C:\WINDOWS\System32\RPCRT4.dll
0x00007fffe67b0000 - 0x00007fffe6832000 	C:\WINDOWS\System32\WS2_32.dll
0x00007fffe3a10000 - 0x00007fffe3a6e000 	C:\WINDOWS\SYSTEM32\POWRPROF.dll
0x00007fffdb8c0000 - 0x00007fffdb8f6000 	C:\WINDOWS\SYSTEM32\WINMM.dll
0x00007fffdcba0000 - 0x00007fffdcbab000 	C:\WINDOWS\SYSTEM32\VERSION.dll
0x00007fffe39f0000 - 0x00007fffe3a05000 	C:\WINDOWS\SYSTEM32\UMPDC.dll
0x00007fffe2840000 - 0x00007fffe285b000 	C:\WINDOWS\SYSTEM32\kernel.appcore.dll
0x00007fffbb090000 - 0x00007fffbb09a000 	C:\Program Files\Eclipse Adoptium\jdk-21.0.6.7-hotspot\bin\jimage.dll
0x00007fffd2ce0000 - 0x00007fffd2f22000 	C:\WINDOWS\SYSTEM32\DBGHELP.DLL
0x00007fffe5de0000 - 0x00007fffe6165000 	C:\WINDOWS\System32\combase.dll
0x00007fffe5620000 - 0x00007fffe56f9000 	C:\WINDOWS\System32\OLEAUT32.dll
0x00007fffc8820000 - 0x00007fffc885b000 	C:\WINDOWS\SYSTEM32\dbgcore.DLL
0x00007fffe43e0000 - 0x00007fffe448c000 	C:\WINDOWS\System32\bcryptPrimitives.dll
0x00007fffe0910000 - 0x00007fffe091f000 	C:\Program Files\Eclipse Adoptium\jdk-21.0.6.7-hotspot\bin\instrument.dll
0x00007fffbaf70000 - 0x00007fffbaf8f000 	C:\Program Files\Eclipse Adoptium\jdk-21.0.6.7-hotspot\bin\java.dll
0x00007fffe49b0000 - 0x00007fffe5138000 	C:\WINDOWS\System32\SHELL32.dll
0x00007fffe1620000 - 0x00007fffe1ebb000 	C:\WINDOWS\SYSTEM32\windows.storage.dll
0x00007fffe6170000 - 0x00007fffe6269000 	C:\WINDOWS\System32\SHCORE.dll
0x00007fffe48a0000 - 0x00007fffe4906000 	C:\WINDOWS\System32\shlwapi.dll
0x00007fffe3a80000 - 0x00007fffe3aa9000 	C:\WINDOWS\SYSTEM32\profapi.dll
0x00007fff666b0000 - 0x00007fff66787000 	C:\Program Files\Eclipse Adoptium\jdk-21.0.6.7-hotspot\bin\jsvml.dll
0x00007fffbaca0000 - 0x00007fffbacb8000 	C:\Program Files\Eclipse Adoptium\jdk-21.0.6.7-hotspot\bin\zip.dll
0x00007fffbaf60000 - 0x00007fffbaf70000 	C:\Program Files\Eclipse Adoptium\jdk-21.0.6.7-hotspot\bin\net.dll
0x00007fffdca10000 - 0x00007fffdcb38000 	C:\WINDOWS\SYSTEM32\WINHTTP.dll
0x00007fffe2dd0000 - 0x00007fffe2e3c000 	C:\WINDOWS\system32\mswsock.dll
0x00007fffbad70000 - 0x00007fffbad86000 	C:\Program Files\Eclipse Adoptium\jdk-21.0.6.7-hotspot\bin\nio.dll
0x00007fffe0900000 - 0x00007fffe0910000 	C:\Program Files\Eclipse Adoptium\jdk-21.0.6.7-hotspot\bin\verify.dll
0x00007fff7a0a0000 - 0x00007fff7a0e5000 	C:\Users\SBS\AppData\Roaming\Code\User\globalStorage\redhat.java\1.56.2026081508\config_win\org.eclipse.equinox.launcher\org.eclipse.equinox.launcher.win32.win32.x86_64_1.3.100.v20260804-1928\eclipse_11924.dll
0x00007fffe59a0000 - 0x00007fffe5b39000 	C:\WINDOWS\System32\ole32.dll
0x00007fffe31f0000 - 0x00007fffe320b000 	C:\WINDOWS\SYSTEM32\CRYPTSP.dll
0x00007fffe27a0000 - 0x00007fffe27d9000 	C:\WINDOWS\system32\rsaenh.dll
0x00007fffe2e80000 - 0x00007fffe2eb2000 	C:\WINDOWS\SYSTEM32\USERENV.dll
0x00007fffe3ab0000 - 0x00007fffe3ada000 	C:\WINDOWS\SYSTEM32\bcrypt.dll
0x00007fffe3030000 - 0x00007fffe303c000 	C:\WINDOWS\SYSTEM32\CRYPTBASE.dll
0x00007fffe21f0000 - 0x00007fffe2223000 	C:\WINDOWS\SYSTEM32\IPHLPAPI.DLL
0x00007fffe5ce0000 - 0x00007fffe5cea000 	C:\WINDOWS\System32\NSI.dll
0x00007fff78e10000 - 0x00007fff78e59000 	C:\Users\SBS\AppData\Local\Temp\jna-81892\jna603516344589411000.dll
0x00007fffe58e0000 - 0x00007fffe58e8000 	C:\WINDOWS\System32\PSAPI.DLL
0x00007fffdcbe0000 - 0x00007fffdcbfd000 	C:\WINDOWS\SYSTEM32\dhcpcsvc6.DLL
0x00007fffdcbb0000 - 0x00007fffdcbd5000 	C:\WINDOWS\SYSTEM32\dhcpcsvc.DLL
0x00007fffcd2b0000 - 0x00007fffcd2d7000 	C:\Users\SBS\.gradle\native\1def1411415f61bf3af743bc5b6707747c0891f09f0c88961ee8f79bc544acac\windows-amd64\native-platform.dll
0x00007fffe08f0000 - 0x00007fffe08fa000 	C:\Program Files\Eclipse Adoptium\jdk-21.0.6.7-hotspot\bin\management.dll
0x00007fffdda90000 - 0x00007fffdda9b000 	C:\Program Files\Eclipse Adoptium\jdk-21.0.6.7-hotspot\bin\management_ext.dll
0x00007fffca310000 - 0x00007fffca31e000 	C:\Program Files\Eclipse Adoptium\jdk-21.0.6.7-hotspot\bin\sunmscapi.dll
0x00007fffe4250000 - 0x00007fffe43ce000 	C:\WINDOWS\System32\CRYPT32.dll
0x00007fffe3360000 - 0x00007fffe3390000 	C:\WINDOWS\SYSTEM32\ncrypt.dll
0x00007fffe3310000 - 0x00007fffe334f000 	C:\WINDOWS\SYSTEM32\NTASN1.dll
0x00007fffe2280000 - 0x00007fffe23d8000 	C:\WINDOWS\SYSTEM32\DNSAPI.dll
0x00007fffe2bd0000 - 0x00007fffe2bdd000 	C:\WINDOWS\SYSTEM32\DSPARSE.dll
0x00007fffd8e60000 - 0x00007fffd8e6b000 	C:\Windows\System32\rasadhlp.dll
0x00007fffdb0b0000 - 0x00007fffdb136000 	C:\WINDOWS\System32\fwpuclnt.dll
0x00007fffd3c20000 - 0x00007fffd3c29000 	C:\Program Files\Eclipse Adoptium\jdk-21.0.6.7-hotspot\bin\extnet.dll
0x00007fff93750000 - 0x00007fff93758000 	C:\WINDOWS\system32\wshunix.dll

dbghelp: loaded successfully - version: 4.0.5 - missing functions: none
symbol engine: initialized successfully - sym options: 0x614 - pdb path: .;C:\Program Files\Eclipse Adoptium\jdk-21.0.6.7-hotspot\bin;C:\WINDOWS\SYSTEM32;C:\WINDOWS\WinSxS\amd64_microsoft.windows.common-controls_6595b64144ccf1df_6.0.26100.8972_none_3e0da176e32f9d4b;C:\Program Files\Eclipse Adoptium\jdk-21.0.6.7-hotspot\bin\server;C:\Users\SBS\AppData\Roaming\Code\User\globalStorage\redhat.java\1.56.2026081508\config_win\org.eclipse.equinox.launcher\org.eclipse.equinox.launcher.win32.win32.x86_64_1.3.100.v20260804-1928;C:\Users\SBS\AppData\Local\Temp\jna-81892;C:\Users\SBS\.gradle\native\1def1411415f61bf3af743bc5b6707747c0891f09f0c88961ee8f79bc544acac\windows-amd64

VM Arguments:
jvm_args: --add-modules=ALL-SYSTEM --add-opens=java.base/java.util=ALL-UNNAMED --add-opens=java.base/java.lang=ALL-UNNAMED --add-opens=java.base/sun.nio.fs=ALL-UNNAMED -Declipse.application=org.eclipse.jdt.ls.core.id1 -Dosgi.bundles.defaultStartLevel=4 -Declipse.product=org.eclipse.jdt.ls.core.product -Djava.import.generatesMetadataFilesAtProjectRoot=false -DDetectVMInstallationsJob.disabled=true -Dfile.encoding=utf8 -XX:+UseParallelGC -XX:GCTimeRatio=4 -XX:AdaptiveSizePolicyWeight=90 -Dsun.zip.disableMemoryMapping=true -Xmx2G -Xms100m -Xlog:disable -javaagent:c:\Users\SBS\.vscode\extensions\redhat.java-1.56.2026081508\lombok\lombok-1.18.39-4050.jar -XX:+HeapDumpOnOutOfMemoryError -XX:HeapDumpPath=c:\Users\SBS\AppData\Roaming\Code\User\workspaceStorage\9b87e43105afb146c896a3d372cc1e69\redhat.java -Daether.dependencyCollector.impl=bf -XX:+UnlockDiagnosticVMOptions -XX:+AllowArchivingWithJavaAgent -XX:+AutoCreateSharedArchive -XX:SharedArchiveFile=c:\Users\SBS\AppData\Roaming\Code\User\globalStorage\redhat.java\1.56.2026081508\jdtls.jsa 
java_command: c:\Users\SBS\.vscode\extensions\redhat.java-1.56.2026081508\server\plugins\org.eclipse.equinox.launcher_1.8.0.v20260804-1928.jar -configuration c:\Users\SBS\AppData\Roaming\Code\User\globalStorage\redhat.java\1.56.2026081508\config_win -data c:\Users\SBS\AppData\Roaming\Code\User\workspaceStorage\9b87e43105afb146c896a3d372cc1e69\redhat.java\jdt_ws --stdio
java_class_path (initial): c:\Users\SBS\.vscode\extensions\redhat.java-1.56.2026081508\server\plugins\org.eclipse.equinox.launcher_1.8.0.v20260804-1928.jar
Launcher Type: SUN_STANDARD

[Global flags]
    uintx AdaptiveSizePolicyWeight                 = 90                                        {product} {command line}
     bool AllowArchivingWithJavaAgent              = true                             {JVMCI diagnostic} {command line}
     bool AutoCreateSharedArchive                  = false                               {JVMCI product} {command line}
     intx CICompilerCount                          = 4                                         {product} {ergonomic}
    uintx GCTimeRatio                              = 4                                         {product} {command line}
     bool HeapDumpOnOutOfMemoryError               = true                                   {manageable} {command line}
    ccstr HeapDumpPath                             = c:\Users\SBS\AppData\Roaming\Code\User\workspaceStorage\9b87e43105afb146c896a3d372cc1e69\redhat.java         {manageable} {command line}
   size_t InitialHeapSize                          = 104857600                                 {product} {command line}
   size_t MaxHeapSize                              = 2147483648                                {product} {command line}
   size_t MaxNewSize                               = 715653120                                 {product} {ergonomic}
   size_t MinHeapDeltaBytes                        = 524288                                    {product} {ergonomic}
   size_t MinHeapSize                              = 104857600                                 {product} {command line}
   size_t NewSize                                  = 34603008                                  {product} {ergonomic}
    uintx NonNMethodCodeHeapSize                   = 5839372                                {pd product} {ergonomic}
    uintx NonProfiledCodeHeapSize                  = 122909434                              {pd product} {ergonomic}
   size_t OldSize                                  = 70254592                                  {product} {ergonomic}
    uintx ProfiledCodeHeapSize                     = 122909434                              {pd product} {ergonomic}
    uintx ReservedCodeCacheSize                    = 251658240                              {pd product} {ergonomic}
     bool SegmentedCodeCache                       = true                                      {product} {ergonomic}
    ccstr SharedArchiveFile                        = c:\Users\SBS\AppData\Roaming\Code\User\globalStorage\redhat.java\1.56.2026081508\jdtls.jsa      {JVMCI product} {command line}
   size_t SoftMaxHeapSize                          = 2147483648                             {manageable} {ergonomic}
     bool UnlockDiagnosticVMOptions                = true                                   {diagnostic} {command line}
     bool UseCompressedOops                        = true                           {product lp64_product} {ergonomic}
     bool UseLargePagesIndividualAllocation        = false                                  {pd product} {ergonomic}
     bool UseParallelGC                            = true                                      {product} {command line}

Logging:
Log output configuration:
 #0: stdout all=off uptime,level,tags foldmultilines=false
 #1: stderr all=off uptime,level,tags foldmultilines=false

Environment Variables:
JAVA_HOME=C:\Program Files\Eclipse Adoptium\jdk-21.0.6.7-hotspot
PATH=C:\Program Files\Eclipse Adoptium\jdk-21.0.6.7-hotspot\bin;C:\WINDOWS\system32;C:\WINDOWS;C:\WINDOWS\System32\Wbem;C:\WINDOWS\System32\WindowsPowerShell\v1.0\;C:\WINDOWS\System32\OpenSSH\;C:\Program Files\Git\cmd;C:\Program Files\MongoDB\Server\8.0;C:\xampp\php;C:\Program Files\nodejs\;C:\Program Files\NVIDIA Corporation\NVIDIA App\NvDLISR;C:\Program Files\Microsoft SQL Server\170\Tools\Binn\;C:\Program Files\dotnet\;%JAVA_HOME%\bin;C:\Users\SBS\AppData\Local\Programs\Python\Launcher\;C:\Users\SBS\AppData\Local\Microsoft\WindowsApps;C:\Users\SBS\AppData\Local\Programs\Microsoft VS Code\bin;C:\MinGW\bin;C:\Users\SBS\AppData\Local\spicetify;C:\Users\SBS\Documents\mongosh-2.3.8-win32-x64\bin;C:\Users\SBS\AppData\Roaming\npm;C:\Users\SBS\AppData\Local\Microsoft\WindowsApps;C:\Users\SBS\.dotnet\tools;C:\Users\SBS\Downloads\Rep\winutils-master\hadoop-3.3.6\bin;C:\Users\SBS\Downloads\Rep\winutils-master\hadoop-3.3.6\bin;C:\Users\SBS\Downloads\apache-maven-3.9.11-bin\apache-maven-3.9.11\bin;C:\Program Files\Eclipse Adoptium\jdk-21.0.6.7-hotspot\bin;C:\Users\SBS\AppData\Roaming\npm;C:\Users\SBS\AppData\Local\Programs\Antigravity\bin
USERNAME=SBS
OS=Windows_NT
PROCESSOR_IDENTIFIER=AMD64 Family 25 Model 80 Stepping 0, AuthenticAMD
TMP=C:\Users\SBS\AppData\Local\Temp
TEMP=C:\Users\SBS\AppData\Local\Temp




Periodic native trim disabled

---------------  S Y S T E M  ---------------

OS:
 Windows 11 , 64 bit Build 26100 (10.0.26100.9168)
OS uptime: 0 days 0:43 hours
Hyper-V role detected

CPU: total 8 (initial active 8) (8 cores per cpu, 2 threads per core) family 25 model 80 stepping 0 microcode 0xa50000d, cx8, cmov, fxsr, ht, mmx, 3dnowpref, sse, sse2, sse3, ssse3, sse4a, sse4.1, sse4.2, popcnt, lzcnt, tsc, tscinvbit, avx, avx2, aes, erms, clmul, bmi1, bmi2, adx, sha, fma, vzeroupper, clflush, clflushopt, hv, rdtscp, rdpid, fsrm, f16c, cet_ss
Processor Information for the first 8 processors :
  Max Mhz: 3301, Current Mhz: 1908, Mhz Limit: 3301

Memory: 4k page, system-wide physical 7020M (616M free)
TotalPageFile size 27802M (AvailPageFile size 2653M)
current process WorkingSet (physical memory assigned to process): 180M, peak: 1101M
current process commit charge ("private bytes"): 910M, peak: 2122M

vm_info: OpenJDK 64-Bit Server VM (21.0.6+7-LTS) for windows-amd64 JRE (21.0.6+7-LTS), built on 2025-01-21T00:00:00Z by "admin" with MS VC++ 17.7 (VS2022)

END.
